site,substrate,rep,treatment,time,RFU,year,fluorimeter,when
SPP,1,1,live,12:28,127131.9,2015,UT,TN2015
SPP,1,2,live,12:28,129944.19,2015,UT,TN2015
SPP,1,3,live,12:28,126610.79,2015,UT,TN2015
SPP,1,kill,killed,12:29,119520.13,2015,UT,TN2015
SPP,2,1,live,12:29,119329.01,2015,UT,TN2015
SPP,2,2,live,12:29,117466.71,2015,UT,TN2015
SPP,2,3,live,12:29,112325.02,2015,UT,TN2015
SPP,2,kill,killed,12:30,115699.24,2015,UT,TN2015
SPP,3,1,live,12:30,119700.39,2015,UT,TN2015
SPP,3,2,live,12:30,116693.74,2015,UT,TN2015
SPP,3,3,live,12:30,116388.81,2015,UT,TN2015
SPP,3,kill,killed,12:31,106671.57,2015,UT,TN2015
SPP,4,1,live,12:31,141582.85,2015,UT,TN2015
SPP,4,2,live,12:31,144699.79,2015,UT,TN2015
SPP,4,3,live,12:31,144000.23,2015,UT,TN2015
SPP,4,kill,killed,12:32,137970.65,2015,UT,TN2015
SPP,5,1,live,12:32,220606.93,2015,UT,TN2015
SPP,5,2,live,12:32,206406.78,2015,UT,TN2015
SPP,5,3,live,12:32,213141.62,2015,UT,TN2015
SPP,5,kill,killed,12:33,178936.4,2015,UT,TN2015
SPP,1,1,live,12:47,134019.32,2015,UT,TN2015
SPP,1,2,live,12:47,135576.42,2015,UT,TN2015
SPP,1,3,live,12:48,134050.82,2015,UT,TN2015
SPP,1,kill,killed,12:48,119782.95,2015,UT,TN2015
SPP,2,1,live,12:48,123125.28,2015,UT,TN2015
SPP,2,2,live,12:49,122166.31,2015,UT,TN2015
SPP,2,3,live,12:49,117294.46,2015,UT,TN2015
SPP,2,kill,killed,12:49,118976.89,2015,UT,TN2015
SPP,3,1,live,12:50,129299.25,2015,UT,TN2015
SPP,3,2,live,12:50,127842.35,2015,UT,TN2015
SPP,3,3,live,12:50,126318.03,2015,UT,TN2015
SPP,3,kill,killed,12:50,105295.18,2015,UT,TN2015
SPP,4,1,live,12:51,140738.31,2015,UT,TN2015
SPP,4,2,live,12:51,140127.01,2015,UT,TN2015
SPP,4,3,live,12:51,142915.82,2015,UT,TN2015
SPP,4,kill,killed,12:52,138000.15,2015,UT,TN2015
SPP,5,1,live,12:53,252355.51,2015,UT,TN2015
SPP,5,2,live,12:53,246530.42,2015,UT,TN2015
SPP,5,3,live,12:54,248280.12,2015,UT,TN2015
SPP,5,kill,killed,12:55,182555.39,2015,UT,TN2015
SPP,1,1,live,13:08,140837.04,2015,UT,TN2015
SPP,1,2,live,13:08,142383.76,2015,UT,TN2015
SPP,1,3,live,13:08,141368.96,2015,UT,TN2015
SPP,1,kill,killed,13:08,118515.14,2015,UT,TN2015
SPP,2,1,live,13:09,129879.32,2015,UT,TN2015
SPP,2,2,live,13:09,128233.43,2015,UT,TN2015
SPP,2,3,live,13:09,122318.96,2015,UT,TN2015
SPP,2,kill,killed,13:09,119536.28,2015,UT,TN2015
SPP,3,1,live,13:10,143454.25,2015,UT,TN2015
SPP,3,2,live,13:10,140999.95,2015,UT,TN2015
SPP,3,3,live,13:10,139213.84,2015,UT,TN2015
SPP,3,kill,killed,13:11,106683.78,2015,UT,TN2015
SPP,4,1,live,13:11,142101.84,2015,UT,TN2015
SPP,4,2,live,13:11,143043.18,2015,UT,TN2015
SPP,4,3,live,13:12,143495.51,2015,UT,TN2015
SPP,4,kill,killed,13:12,138191.59,2015,UT,TN2015
SPP,5,1,live,13:13,285820.18,2015,UT,TN2015
SPP,5,2,live,13:13,283270.87,2015,UT,TN2015
SPP,5,3,live,13:14,282185.18,2015,UT,TN2015
SPP,5,kill,killed,13:14,180102.14,2015,UT,TN2015
SPP,1,1,live,13:27,148538.51,2015,UT,TN2015
SPP,1,2,live,13:27,149786.45,2015,UT,TN2015
SPP,1,3,live,13:28,149233.15,2015,UT,TN2015
SPP,1,kill,killed,13:28,120131.93,2015,UT,TN2015
SPP,2,1,live,13:28,135236.9,2015,UT,TN2015
SPP,2,2,live,13:29,134400.54,2015,UT,TN2015
SPP,2,3,live,13:29,127337.93,2015,UT,TN2015
SPP,2,kill,killed,13:29,121310.1,2015,UT,TN2015
SPP,3,1,live,13:29,155550.42,2015,UT,TN2015
SPP,3,2,live,13:30,150004.43,2015,UT,TN2015
SPP,3,3,live,13:30,149636.71,2015,UT,TN2015
SPP,3,kill,killed,13:30,106858.35,2015,UT,TN2015
SPP,4,1,live,13:31,142205.29,2015,UT,TN2015
SPP,4,2,live,13:31,142414.54,2015,UT,TN2015
SPP,4,3,live,13:31,144225.98,2015,UT,TN2015
SPP,4,kill,killed,13:32,138043.15,2015,UT,TN2015
SPP,5,1,live,13:32,321251.43,2015,UT,TN2015
SPP,5,2,live,13:32,313715.75,2015,UT,TN2015
SPP,5,3,live,13:33,316750.53,2015,UT,TN2015
SPP,5,kill,killed,13:33,182441.56,2015,UT,TN2015
SPP,1,1,live,13:46,155997.64,2015,UT,TN2015
SPP,1,2,live,13:46,157540.5,2015,UT,TN2015
SPP,1,3,live,13:46,156032.54,2015,UT,TN2015
SPP,1,kill,killed,13:47,121002.71,2015,UT,TN2015
SPP,2,1,live,13:47,139595.28,2015,UT,TN2015
SPP,2,2,live,13:47,138673.31,2015,UT,TN2015
SPP,2,3,live,13:48,133353.56,2015,UT,TN2015
SPP,2,kill,killed,13:48,121721.83,2015,UT,TN2015
SPP,3,1,live,13:48,165919.32,2015,UT,TN2015
SPP,3,2,live,13:48,161641.82,2015,UT,TN2015
SPP,3,3,live,13:49,161039.51,2015,UT,TN2015
SPP,3,kill,killed,13:49,106089.13,2015,UT,TN2015
SPP,4,1,live,13:49,141295.93,2015,UT,TN2015
SPP,4,2,live,13:49,144373.82,2015,UT,TN2015
SPP,4,3,live,13:50,144566.04,2015,UT,TN2015
SPP,4,kill,killed,13:50,137434.43,2015,UT,TN2015
SPP,5,1,live,13:50,350616.87,2015,UT,TN2015
SPP,5,2,live,13:50,348829.12,2015,UT,TN2015
SPP,5,3,live,13:51,351807.28,2015,UT,TN2015
SPP,5,kill,killed,13:51,181083.76,2015,UT,TN2015
SPP,1,1,live,14:07,164147.87,2015,UT,TN2015
SPP,1,2,live,14:07,165333.1,2015,UT,TN2015
SPP,1,3,live,14:07,164077.82,2015,UT,TN2015
SPP,1,kill,killed,14:08,121945.42,2015,UT,TN2015
SPP,2,1,live,14:08,145439.64,2015,UT,TN2015
SPP,2,2,live,14:08,143802.58,2015,UT,TN2015
SPP,2,3,live,14:08,136596,2015,UT,TN2015
SPP,2,kill,killed,14:09,123903.52,2015,UT,TN2015
SPP,3,1,live,14:09,180369.71,2015,UT,TN2015
SPP,3,2,live,14:09,173415.4,2015,UT,TN2015
SPP,3,3,live,14:10,174823.17,2015,UT,TN2015
SPP,3,kill,killed,14:10,109180.41,2015,UT,TN2015
SPP,4,1,live,14:10,144776.07,2015,UT,TN2015
SPP,4,2,live,14:10,144244.07,2015,UT,TN2015
SPP,4,3,live,14:11,144685.85,2015,UT,TN2015
SPP,4,kill,killed,14:11,138064.75,2015,UT,TN2015
SPP,5,1,live,14:12,391909.18,2015,UT,TN2015
SPP,5,2,live,14:12,390367.09,2015,UT,TN2015
SPP,5,3,live,14:12,392756.25,2015,UT,TN2015
SPP,5,kill,killed,14:12,184852.57,2015,UT,TN2015
GSMIT,1,1,live,12:21,126415.89,2015,UT,TN2015
GSMIT,1,2,live,12:22,123399.21,2015,UT,TN2015
GSMIT,1,3,live,12:22,127563.84,2015,UT,TN2015
GSMIT,1,kill,killed,12:22,120515.79,2015,UT,TN2015
GSMIT,2,1,live,12:23,118874.82,2015,UT,TN2015
GSMIT,2,2,live,12:23,108277.3,2015,UT,TN2015
GSMIT,2,3,live,12:23,109839.1,2015,UT,TN2015
GSMIT,2,kill,killed,12:24,118886.14,2015,UT,TN2015
GSMIT,3,1,live,12:24,113064.98,2015,UT,TN2015
GSMIT,3,2,live,12:25,112531.58,2015,UT,TN2015
GSMIT,3,3,live,12:25,112364.78,2015,UT,TN2015
GSMIT,3,kill,killed,12:25,105780.12,2015,UT,TN2015
GSMIT,4,1,live,12:25,137716.81,2015,UT,TN2015
GSMIT,4,2,live,12:26,132793.73,2015,UT,TN2015
GSMIT,4,3,live,12:26,133607,2015,UT,TN2015
GSMIT,4,kill,killed,12:26,141057.14,2015,UT,TN2015
GSMIT,5,1,live,12:26,200318.7,2015,UT,TN2015
GSMIT,5,2,live,12:27,201378.37,2015,UT,TN2015
GSMIT,5,3,live,12:27,202784.4,2015,UT,TN2015
GSMIT,5,kill,killed,12:27,179583.29,2015,UT,TN2015
GSMIT,1,1,live,12:41,130143.99,2015,UT,TN2015
GSMIT,1,2,live,12:41,127979.37,2015,UT,TN2015
GSMIT,1,3,live,12:42,131135.9,2015,UT,TN2015
GSMIT,1,kill,killed,12:42,119740.25,2015,UT,TN2015
GSMIT,2,1,live,12:42,130383.49,2015,UT,TN2015
GSMIT,2,2,live,12:42,117483.57,2015,UT,TN2015
GSMIT,2,3,live,12:43,121402.09,2015,UT,TN2015
GSMIT,2,kill,killed,12:43,122790.71,2015,UT,TN2015
GSMIT,3,1,live,12:43,118015.17,2015,UT,TN2015
GSMIT,3,2,live,12:44,119169.1,2015,UT,TN2015
GSMIT,3,3,live,12:44,118715.16,2015,UT,TN2015
GSMIT,3,kill,killed,12:45,104165.02,2015,UT,TN2015
GSMIT,4,1,live,12:45,136053.37,2015,UT,TN2015
GSMIT,4,2,live,12:45,131639.07,2015,UT,TN2015
GSMIT,4,3,live,12:45,131596.73,2015,UT,TN2015
GSMIT,4,kill,killed,12:46,139211.31,2015,UT,TN2015
GSMIT,5,1,live,12:46,223896.84,2015,UT,TN2015
GSMIT,5,2,live,12:46,220279.7,2015,UT,TN2015
GSMIT,5,3,live,12:47,225616.48,2015,UT,TN2015
GSMIT,5,kill,killed,12:47,178814.31,2015,UT,TN2015
GSMIT,1,1,live,13:01,133438.46,2015,UT,TN2015
GSMIT,1,2,live,13:01,131460.92,2015,UT,TN2015
GSMIT,1,3,live,13:02,135624.07,2015,UT,TN2015
GSMIT,1,kill,killed,13:02,119091.77,2015,UT,TN2015
GSMIT,2,1,live,13:02,132234.09,2015,UT,TN2015
GSMIT,2,2,live,13:02,123059.23,2015,UT,TN2015
GSMIT,2,3,live,13:03,124145.53,2015,UT,TN2015
GSMIT,2,kill,killed,13:03,123931.83,2015,UT,TN2015
GSMIT,3,1,live,13:03,126665.95,2015,UT,TN2015
GSMIT,3,2,live,13:04,128360,2015,UT,TN2015
GSMIT,3,3,live,13:04,124890.74,2015,UT,TN2015
GSMIT,3,kill,killed,13:05,105277.18,2015,UT,TN2015
GSMIT,4,1,live,13:05,134151.79,2015,UT,TN2015
GSMIT,4,2,live,13:05,132059.42,2015,UT,TN2015
GSMIT,4,3,live,13:06,131909.85,2015,UT,TN2015
GSMIT,4,kill,killed,13:06,138172.04,2015,UT,TN2015
GSMIT,5,1,live,13:06,249988.28,2015,UT,TN2015
GSMIT,5,2,live,13:07,244717.01,2015,UT,TN2015
GSMIT,5,3,live,13:07,250321.76,2015,UT,TN2015
GSMIT,5,kill,killed,13:07,177716.39,2015,UT,TN2015
GSMIT,1,1,live,13:21,139312.75,2015,UT,TN2015
GSMIT,1,2,live,13:21,137210.59,2015,UT,TN2015
GSMIT,1,3,live,13:21,142274.07,2015,UT,TN2015
GSMIT,1,kill,killed,13:22,120093.75,2015,UT,TN2015
GSMIT,2,1,live,13:22,142226.2,2015,UT,TN2015
GSMIT,2,2,live,13:22,127880.26,2015,UT,TN2015
GSMIT,2,3,live,13:23,127934.96,2015,UT,TN2015
GSMIT,2,kill,killed,13:23,124952.68,2015,UT,TN2015
GSMIT,3,1,live,13:24,133993.32,2015,UT,TN2015
GSMIT,3,2,live,13:24,134528.93,2015,UT,TN2015
GSMIT,3,3,live,13:24,133823.42,2015,UT,TN2015
GSMIT,3,kill,killed,13:24,104674.28,2015,UT,TN2015
GSMIT,4,1,live,13:25,136536.75,2015,UT,TN2015
GSMIT,4,2,live,13:25,132804.42,2015,UT,TN2015
GSMIT,4,3,live,13:25,131414.23,2015,UT,TN2015
GSMIT,4,kill,killed,13:25,138818.39,2015,UT,TN2015
GSMIT,5,1,live,13:26,274220.75,2015,UT,TN2015
GSMIT,5,2,live,13:26,270767.68,2015,UT,TN2015
GSMIT,5,3,live,13:26,275013.25,2015,UT,TN2015
GSMIT,5,kill,killed,13:26,177080.67,2015,UT,TN2015
GSMIT,1,1,live,13:41,146060.06,2015,UT,TN2015
GSMIT,1,2,live,13:41,142704.12,2015,UT,TN2015
GSMIT,1,3,live,13:41,146918.5,2015,UT,TN2015
GSMIT,1,kill,killed,13:41,121130.19,2015,UT,TN2015
GSMIT,2,1,live,13:42,148025.95,2015,UT,TN2015
GSMIT,2,2,live,13:42,131583.89,2015,UT,TN2015
GSMIT,2,3,live,13:42,132559.2,2015,UT,TN2015
GSMIT,2,kill,killed,13:42,125044.96,2015,UT,TN2015
GSMIT,3,1,live,13:43,141403.96,2015,UT,TN2015
GSMIT,3,2,live,13:43,142732.81,2015,UT,TN2015
GSMIT,3,3,live,13:43,141550.26,2015,UT,TN2015
GSMIT,3,kill,killed,13:43,105429.94,2015,UT,TN2015
GSMIT,4,1,live,13:44,137001.9,2015,UT,TN2015
GSMIT,4,2,live,13:44,131891.65,2015,UT,TN2015
GSMIT,4,3,live,13:44,134009.54,2015,UT,TN2015
GSMIT,4,kill,killed,13:44,139217.18,2015,UT,TN2015
GSMIT,5,1,live,13:45,298988.06,2015,UT,TN2015
GSMIT,5,2,live,13:45,294186.75,2015,UT,TN2015
GSMIT,5,3,live,13:45,297867.59,2015,UT,TN2015
GSMIT,5,kill,killed,13:46,174709.23,2015,UT,TN2015
GSMIT,1,1,live,14:01,149993.45,2015,UT,TN2015
GSMIT,1,2,live,14:01,148409.12,2015,UT,TN2015
GSMIT,1,3,live,14:02,150661.25,2015,UT,TN2015
GSMIT,1,kill,killed,14:02,121158.03,2015,UT,TN2015
GSMIT,2,1,live,14:02,153346.25,2015,UT,TN2015
GSMIT,2,2,live,14:02,144454.17,2015,UT,TN2015
GSMIT,2,3,live,14:02,135835.5,2015,UT,TN2015
GSMIT,2,kill,killed,14:03,126624.37,2015,UT,TN2015
GSMIT,3,1,live,14:03,149828.35,2015,UT,TN2015
GSMIT,3,2,live,14:04,152057.35,2015,UT,TN2015
GSMIT,3,3,live,14:04,147650.4,2015,UT,TN2015
GSMIT,3,kill,killed,14:04,106396.83,2015,UT,TN2015
GSMIT,4,1,live,14:04,138762.81,2015,UT,TN2015
GSMIT,4,2,live,14:05,133951.26,2015,UT,TN2015
GSMIT,4,3,live,14:05,134738.81,2015,UT,TN2015
GSMIT,4,kill,killed,14:05,139987.93,2015,UT,TN2015
GSMIT,5,1,live,14:05,326736.46,2015,UT,TN2015
GSMIT,5,2,live,14:06,323615.81,2015,UT,TN2015
GSMIT,5,3,live,14:06,329045.59,2015,UT,TN2015
GSMIT,5,kill,killed,14:06,177164.34,2015,UT,TN2015
TNRIV,1,1,live,10:01,128293.93,2015,UT,TN2015
TNRIV,1,2,live,10:01,129080.12,2015,UT,TN2015
TNRIV,1,3,live,10:02,126620.6,2015,UT,TN2015
TNRIV,1,kill,killed,10:02,123619.64,2015,UT,TN2015
TNRIV,2,1,live,10:02,110642.28,2015,UT,TN2015
TNRIV,2,2,live,10:03,115306.21,2015,UT,TN2015
TNRIV,2,3,live,10:03,111001.58,2015,UT,TN2015
TNRIV,2,kill,killed,10:03,110941.65,2015,UT,TN2015
TNRIV,3,1,live,10:03,124519.73,2015,UT,TN2015
TNRIV,3,2,live,10:04,139304.04,2015,UT,TN2015
TNRIV,3,3,live,10:04,137594.84,2015,UT,TN2015
TNRIV,3,kill,killed,10:04,107589.01,2015,UT,TN2015
TNRIV,4,1,live,10:05,135022.6,2015,UT,TN2015
TNRIV,4,2,live,10:05,130405,2015,UT,TN2015
TNRIV,4,3,live,10:05,134340.46,2015,UT,TN2015
TNRIV,4,kill,killed,10:05,143759.1,2015,UT,TN2015
TNRIV,5,1,live,10:06,182358.17,2015,UT,TN2015
TNRIV,5,2,live,10:06,176465.78,2015,UT,TN2015
TNRIV,5,3,live,10:06,177078.92,2015,UT,TN2015
TNRIV,5,kill,killed,10:06,177636.5,2015,UT,TN2015
TNRIV,1,1,live,10:21,153441.03,2015,UT,TN2015
TNRIV,1,2,live,10:21,155493.07,2015,UT,TN2015
TNRIV,1,3,live,10:22,154477.95,2015,UT,TN2015
TNRIV,1,kill,killed,10:22,123948.61,2015,UT,TN2015
TNRIV,2,1,live,10:22,138228.87,2015,UT,TN2015
TNRIV,2,2,live,10:22,141345.1,2015,UT,TN2015
TNRIV,2,3,live,10:23,135949.93,2015,UT,TN2015
TNRIV,2,kill,killed,10:23,119838.32,2015,UT,TN2015
TNRIV,3,1,live,10:23,254601.45,2015,UT,TN2015
TNRIV,3,2,live,10:24,266842.25,2015,UT,TN2015
TNRIV,3,3,live,10:24,269927.18,2015,UT,TN2015
TNRIV,3,kill,killed,10:24,107253.06,2015,UT,TN2015
TNRIV,4,1,live,10:24,134128.39,2015,UT,TN2015
TNRIV,4,2,live,10:25,132171.35,2015,UT,TN2015
TNRIV,4,3,live,10:25,132441.56,2015,UT,TN2015
TNRIV,4,kill,killed,10:25,139524.25,2015,UT,TN2015
TNRIV,5,1,live,10:26,188526.5,2015,UT,TN2015
TNRIV,5,2,live,10:26,183195.57,2015,UT,TN2015
TNRIV,5,3,live,10:26,183961,2015,UT,TN2015
TNRIV,5,kill,killed,10:26,177530.14,2015,UT,TN2015
TNRIV,1,1,live,10:41,181190.15,2015,UT,TN2015
TNRIV,1,2,live,10:41,182869.2,2015,UT,TN2015
TNRIV,1,3,live,10:41,182568.32,2015,UT,TN2015
TNRIV,1,kill,killed,10:41,123695.01,2015,UT,TN2015
TNRIV,2,1,live,10:42,158500,2015,UT,TN2015
TNRIV,2,2,live,10:42,161705.79,2015,UT,TN2015
TNRIV,2,3,live,10:42,157844.85,2015,UT,TN2015
TNRIV,2,kill,killed,10:43,122618.56,2015,UT,TN2015
TNRIV,3,1,live,10:43,375879.75,2015,UT,TN2015
TNRIV,3,2,live,10:43,391199.25,2015,UT,TN2015
TNRIV,3,3,live,10:44,408722.62,2015,UT,TN2015
TNRIV,3,kill,killed,10:44,109251.46,2015,UT,TN2015
TNRIV,4,1,live,10:44,135294,2015,UT,TN2015
TNRIV,4,2,live,10:44,131805.92,2015,UT,TN2015
TNRIV,4,3,live,10:45,132456.35,2015,UT,TN2015
TNRIV,4,kill,killed,10:45,138585.48,2015,UT,TN2015
TNRIV,5,1,live,10:45,192744.2,2015,UT,TN2015
TNRIV,5,2,live,10:46,187279.42,2015,UT,TN2015
TNRIV,5,3,live,10:46,189500.1,2015,UT,TN2015
TNRIV,5,kill,killed,10:46,176998.43,2015,UT,TN2015
TNRIV,1,1,live,11:01,202794.35,2015,UT,TN2015
TNRIV,1,2,live,11:01,210863.78,2015,UT,TN2015
TNRIV,1,3,live,11:01,211566.12,2015,UT,TN2015
TNRIV,1,kill,killed,11:02,124260.53,2015,UT,TN2015
TNRIV,2,1,live,11:02,181074.5,2015,UT,TN2015
TNRIV,2,2,live,11:02,183562.48,2015,UT,TN2015
TNRIV,2,3,live,11:03,180382.82,2015,UT,TN2015
TNRIV,2,kill,killed,11:03,124946.8,2015,UT,TN2015
TNRIV,3,1,live,11:03,515033.18,2015,UT,TN2015
TNRIV,3,2,live,11:04,521227,2015,UT,TN2015
TNRIV,3,3,live,11:04,556446.31,2015,UT,TN2015
TNRIV,3,kill,killed,11:04,109974.68,2015,UT,TN2015
TNRIV,4,1,live,11:04,136373.26,2015,UT,TN2015
TNRIV,4,2,live,11:05,132570.96,2015,UT,TN2015
TNRIV,4,3,live,11:05,133759.43,2015,UT,TN2015
TNRIV,4,kill,killed,11:05,138645.68,2015,UT,TN2015
TNRIV,5,1,live,11:05,198768.89,2015,UT,TN2015
TNRIV,5,2,live,11:06,193842.35,2015,UT,TN2015
TNRIV,5,3,live,11:06,194144.04,2015,UT,TN2015
TNRIV,5,kill,killed,11:06,175443.39,2015,UT,TN2015
TNRIV,1,1,live,11:21,230422.62,2015,UT,TN2015
TNRIV,1,2,live,11:21,239670.96,2015,UT,TN2015
TNRIV,1,3,live,11:21,240458.46,2015,UT,TN2015
TNRIV,1,kill,killed,11:22,125038.26,2015,UT,TN2015
TNRIV,2,1,live,11:22,203074.7,2015,UT,TN2015
TNRIV,2,2,live,11:22,207519.32,2015,UT,TN2015
TNRIV,2,3,live,11:23,203190.07,2015,UT,TN2015
TNRIV,2,kill,killed,11:23,128750.97,2015,UT,TN2015
TNRIV,3,1,live,11:23,628718.37,2015,UT,TN2015
TNRIV,3,2,live,11:24,672978.87,2015,UT,TN2015
TNRIV,3,3,live,11:24,697216.37,2015,UT,TN2015
TNRIV,3,kill,killed,11:24,109637.26,2015,UT,TN2015
TNRIV,4,1,live,11:25,138293.7,2015,UT,TN2015
TNRIV,4,2,live,11:25,133247.85,2015,UT,TN2015
TNRIV,4,3,live,11:25,135242.6,2015,UT,TN2015
TNRIV,4,kill,killed,11:25,139985.21,2015,UT,TN2015
TNRIV,5,1,live,11:26,202940.34,2015,UT,TN2015
TNRIV,5,2,live,11:26,197747.48,2015,UT,TN2015
TNRIV,5,3,live,11:26,197041.76,2015,UT,TN2015
TNRIV,5,kill,killed,11:27,175207.64,2015,UT,TN2015
TNRIV,1,1,live,11:41,253754.4,2015,UT,TN2015
TNRIV,1,2,live,11:41,262126.34,2015,UT,TN2015
TNRIV,1,3,live,11:41,263017.93,2015,UT,TN2015
TNRIV,1,kill,killed,11:42,128165.75,2015,UT,TN2015
TNRIV,2,1,live,11:42,230285.4,2015,UT,TN2015
TNRIV,2,2,live,11:42,230960.89,2015,UT,TN2015
TNRIV,2,3,live,11:43,225841.59,2015,UT,TN2015
TNRIV,2,kill,killed,11:43,130994.36,2015,UT,TN2015
TNRIV,3,1,live,11:43,769975.5,2015,UT,TN2015
TNRIV,3,2,live,11:44,824236.5,2015,UT,TN2015
TNRIV,3,3,live,11:44,852466.37,2015,UT,TN2015
TNRIV,3,kill,killed,11:44,110067.82,2015,UT,TN2015
TNRIV,4,1,live,11:45,140555.64,2015,UT,TN2015
TNRIV,4,2,live,11:45,134832.57,2015,UT,TN2015
TNRIV,4,3,live,11:45,139280.95,2015,UT,TN2015
TNRIV,4,kill,killed,11:46,141224.43,2015,UT,TN2015
TNRIV,5,1,live,11:46,209238.14,2015,UT,TN2015
TNRIV,5,2,live,11:46,202982.73,2015,UT,TN2015
TNRIV,5,3,live,11:47,202053.15,2015,UT,TN2015
TNRIV,5,kill,killed,11:47,175327.68,2015,UT,TN2015
EBFISH,1,1,live,09:53,133584.65,2015,UT,TN2015
EBFISH,1,2,live,09:54,135069.15,2015,UT,TN2015
EBFISH,1,3,live,09:54,131955.42,2015,UT,TN2015
EBFISH,1,kill,killed,09:54,122723.62,2015,UT,TN2015
EBFISH,2,1,live,09:55,127471.08,2015,UT,TN2015
EBFISH,2,2,live,09:55,117768.25,2015,UT,TN2015
EBFISH,2,3,live,09:55,120006.3,2015,UT,TN2015
EBFISH,2,kill,killed,09:55,120766.48,2015,UT,TN2015
EBFISH,3,1,live,09:58,136615.54,2015,UT,TN2015
EBFISH,3,2,live,09:58,143435.17,2015,UT,TN2015
EBFISH,3,3,live,09:59,140260.79,2015,UT,TN2015
EBFISH,3,kill,killed,09:59,109309.35,2015,UT,TN2015
EBFISH,4,1,live,09:59,151548.68,2015,UT,TN2015
EBFISH,4,2,live,10:00,146689.34,2015,UT,TN2015
EBFISH,4,3,live,10:00,138695.28,2015,UT,TN2015
EBFISH,4,kill,killed,10:00,146634.6,2015,UT,TN2015
EBFISH,5,1,live,10:02,206705.65,2015,UT,TN2015
EBFISH,5,2,live,10:02,201472.09,2015,UT,TN2015
EBFISH,5,3,live,10:02,208490.79,2015,UT,TN2015
EBFISH,5,kill,killed,10:02,189716.26,2015,UT,TN2015
EBFISH,1,1,live,10:13,159720.4,2015,UT,TN2015
EBFISH,1,2,live,10:13,161037.7,2015,UT,TN2015
EBFISH,1,3,live,10:13,157116.76,2015,UT,TN2015
EBFISH,1,kill,killed,10:14,123452.6,2015,UT,TN2015
EBFISH,2,1,live,10:14,153223.57,2015,UT,TN2015
EBFISH,2,2,live,10:14,142916.95,2015,UT,TN2015
EBFISH,2,3,live,10:15,148271.96,2015,UT,TN2015
EBFISH,2,kill,killed,10:15,131552.28,2015,UT,TN2015
EBFISH,3,1,live,10:15,205568.67,2015,UT,TN2015
EBFISH,3,2,live,10:16,232773.45,2015,UT,TN2015
EBFISH,3,3,live,10:16,212923.75,2015,UT,TN2015
EBFISH,3,kill,killed,10:16,110096.5,2015,UT,TN2015
EBFISH,4,1,live,10:17,144435.03,2015,UT,TN2015
EBFISH,4,2,live,10:17,141645.81,2015,UT,TN2015
EBFISH,4,3,live,10:17,137185.65,2015,UT,TN2015
EBFISH,4,kill,killed,10:18,143274.9,2015,UT,TN2015
EBFISH,5,1,live,10:18,219572.09,2015,UT,TN2015
EBFISH,5,2,live,10:18,211893.75,2015,UT,TN2015
EBFISH,5,3,live,10:19,221535.43,2015,UT,TN2015
EBFISH,5,kill,killed,10:19,192861.18,2015,UT,TN2015
EBFISH,1,1,live,10:33,185782.56,2015,UT,TN2015
EBFISH,1,2,live,10:33,186034.54,2015,UT,TN2015
EBFISH,1,3,live,10:33,180123.59,2015,UT,TN2015
EBFISH,1,kill,killed,10:34,124613.73,2015,UT,TN2015
EBFISH,2,1,live,10:34,172474.54,2015,UT,TN2015
EBFISH,2,2,live,10:34,157277.29,2015,UT,TN2015
EBFISH,2,3,live,10:35,166251.35,2015,UT,TN2015
EBFISH,2,kill,killed,10:35,133573.69,2015,UT,TN2015
EBFISH,3,1,live,10:35,285414.43,2015,UT,TN2015
EBFISH,3,2,live,10:36,326190.03,2015,UT,TN2015
EBFISH,3,3,live,10:36,288545.84,2015,UT,TN2015
EBFISH,3,kill,killed,10:36,110572,2015,UT,TN2015
EBFISH,4,1,live,10:37,143638.81,2015,UT,TN2015
EBFISH,4,2,live,10:37,141412.06,2015,UT,TN2015
EBFISH,4,3,live,10:37,135706.25,2015,UT,TN2015
EBFISH,4,kill,killed,10:38,141183.7,2015,UT,TN2015
EBFISH,5,1,live,10:38,234888.56,2015,UT,TN2015
EBFISH,5,2,live,10:38,228856.29,2015,UT,TN2015
EBFISH,5,3,live,10:39,238355.89,2015,UT,TN2015
EBFISH,5,kill,killed,10:39,194685.51,2015,UT,TN2015
EBFISH,1,1,live,10:53,213319.23,2015,UT,TN2015
EBFISH,1,2,live,10:53,212262.03,2015,UT,TN2015
EBFISH,1,3,live,10:53,205882.23,2015,UT,TN2015
EBFISH,1,kill,killed,10:54,123882.06,2015,UT,TN2015
EBFISH,2,1,live,10:54,187413.29,2015,UT,TN2015
EBFISH,2,2,live,10:54,169861.81,2015,UT,TN2015
EBFISH,2,3,live,10:55,179622.2,2015,UT,TN2015
EBFISH,2,kill,killed,10:55,144137.37,2015,UT,TN2015
EBFISH,3,1,live,10:55,367902.65,2015,UT,TN2015
EBFISH,3,2,live,10:56,429682.5,2015,UT,TN2015
EBFISH,3,3,live,10:56,366758.62,2015,UT,TN2015
EBFISH,3,kill,killed,10:56,111579.93,2015,UT,TN2015
EBFISH,4,1,live,10:57,143362.4,2015,UT,TN2015
EBFISH,4,2,live,10:57,141441.29,2015,UT,TN2015
EBFISH,4,3,live,10:57,135592.82,2015,UT,TN2015
EBFISH,4,kill,killed,10:58,140365.95,2015,UT,TN2015
EBFISH,5,1,live,10:58,251842.54,2015,UT,TN2015
EBFISH,5,2,live,10:58,241399.43,2015,UT,TN2015
EBFISH,5,3,live,10:59,255289.06,2015,UT,TN2015
EBFISH,5,kill,killed,10:59,194063.15,2015,UT,TN2015
EBFISH,1,1,live,11:13,241289.5,2015,UT,TN2015
EBFISH,1,2,live,11:13,238721.32,2015,UT,TN2015
EBFISH,1,3,live,11:13,233671.6,2015,UT,TN2015
EBFISH,1,kill,killed,11:14,125546.68,2015,UT,TN2015
EBFISH,2,1,live,11:14,203808.75,2015,UT,TN2015
EBFISH,2,2,live,11:14,181658.26,2015,UT,TN2015
EBFISH,2,3,live,11:15,196680.89,2015,UT,TN2015
EBFISH,2,kill,killed,11:15,149098.04,2015,UT,TN2015
EBFISH,3,1,live,11:15,458934.96,2015,UT,TN2015
EBFISH,3,2,live,11:16,544888.81,2015,UT,TN2015
EBFISH,3,3,live,11:16,451382.37,2015,UT,TN2015
EBFISH,3,kill,killed,11:16,111562.77,2015,UT,TN2015
EBFISH,4,1,live,11:17,143644.71,2015,UT,TN2015
EBFISH,4,2,live,11:17,140744.56,2015,UT,TN2015
EBFISH,4,3,live,11:17,136856.78,2015,UT,TN2015
EBFISH,4,kill,killed,11:18,140646.14,2015,UT,TN2015
EBFISH,5,1,live,11:18,269372.5,2015,UT,TN2015
EBFISH,5,2,live,11:18,263921.4,2015,UT,TN2015
EBFISH,5,3,live,11:19,270758.93,2015,UT,TN2015
EBFISH,5,kill,killed,11:19,196974.4,2015,UT,TN2015
EBFISH,1,1,live,11:33,266488.03,2015,UT,TN2015
EBFISH,1,2,live,11:33,265846.93,2015,UT,TN2015
EBFISH,1,3,live,11:33,261558.56,2015,UT,TN2015
EBFISH,1,kill,killed,11:34,126355.17,2015,UT,TN2015
EBFISH,2,1,live,11:34,220159.7,2015,UT,TN2015
EBFISH,2,2,live,11:34,194120.57,2015,UT,TN2015
EBFISH,2,3,live,11:35,212975.1,2015,UT,TN2015
EBFISH,2,kill,killed,11:35,148801.9,2015,UT,TN2015
EBFISH,3,1,live,11:35,549874.31,2015,UT,TN2015
EBFISH,3,2,live,11:36,647887.25,2015,UT,TN2015
EBFISH,3,3,live,11:36,531563.31,2015,UT,TN2015
EBFISH,3,kill,killed,11:36,112956.28,2015,UT,TN2015
EBFISH,4,1,live,11:37,144422.34,2015,UT,TN2015
EBFISH,4,2,live,11:37,143016.68,2015,UT,TN2015
EBFISH,4,3,live,11:37,137705.25,2015,UT,TN2015
EBFISH,4,kill,killed,11:37,140438.71,2015,UT,TN2015
EBFISH,5,1,live,11:38,278192.06,2015,UT,TN2015
EBFISH,5,2,live,11:38,276438.25,2015,UT,TN2015
EBFISH,5,3,live,11:38,287627.78,2015,UT,TN2015
EBFISH,5,kill,killed,11:39,197839.4,2015,UT,TN2015
DOUGLAS,1,1,live,09:56,137813.04,2015,UT,TN2015
DOUGLAS,1,2,live,09:57,135673.5,2015,UT,TN2015
DOUGLAS,1,3,live,09:57,138597.51,2015,UT,TN2015
DOUGLAS,1,kill,killed,09:57,138111.29,2015,UT,TN2015
DOUGLAS,2,1,live,09:58,131257.6,2015,UT,TN2015
DOUGLAS,2,2,live,09:58,129746.85,2015,UT,TN2015
DOUGLAS,2,3,live,09:58,133682.71,2015,UT,TN2015
DOUGLAS,2,kill,killed,09:59,125420.78,2015,UT,TN2015
DOUGLAS,3,1,live,09:59,131484.56,2015,UT,TN2015
DOUGLAS,3,2,live,09:59,130022.25,2015,UT,TN2015
DOUGLAS,3,3,live,09:59,126668.35,2015,UT,TN2015
DOUGLAS,3,kill,killed,10:00,108869.12,2015,UT,TN2015
DOUGLAS,4,1,live,10:00,141809.68,2015,UT,TN2015
DOUGLAS,4,2,live,10:00,135938.43,2015,UT,TN2015
DOUGLAS,4,3,live,10:01,138204.03,2015,UT,TN2015
DOUGLAS,4,kill,killed,10:01,145304.43,2015,UT,TN2015
DOUGLAS,5,1,live,10:01,237493.9,2015,UT,TN2015
DOUGLAS,5,2,live,10:01,226741.73,2015,UT,TN2015
DOUGLAS,5,3,live,10:02,236191.57,2015,UT,TN2015
DOUGLAS,5,kill,killed,10:02,189015.39,2015,UT,TN2015
DOUGLAS,1,1,live,10:15,150143.29,2015,UT,TN2015
DOUGLAS,1,2,live,10:16,147268.85,2015,UT,TN2015
DOUGLAS,1,3,live,10:16,150980.79,2015,UT,TN2015
DOUGLAS,1,kill,killed,10:16,135768.92,2015,UT,TN2015
DOUGLAS,2,1,live,10:16,149895.21,2015,UT,TN2015
DOUGLAS,2,2,live,10:17,148200.2,2015,UT,TN2015
DOUGLAS,2,3,live,10:17,147242.35,2015,UT,TN2015
DOUGLAS,2,kill,killed,10:17,134050.57,2015,UT,TN2015
DOUGLAS,3,1,live,10:17,171875.34,2015,UT,TN2015
DOUGLAS,3,2,live,10:18,172960.62,2015,UT,TN2015
DOUGLAS,3,3,live,10:18,167703.53,2015,UT,TN2015
DOUGLAS,3,kill,killed,10:18,109906.45,2015,UT,TN2015
DOUGLAS,4,1,live,10:18,139566.51,2015,UT,TN2015
DOUGLAS,4,2,live,10:19,135735.78,2015,UT,TN2015
DOUGLAS,4,3,live,10:19,135073.43,2015,UT,TN2015
DOUGLAS,4,kill,killed,10:19,143162.48,2015,UT,TN2015
DOUGLAS,5,1,live,10:20,364591.43,2015,UT,TN2015
DOUGLAS,5,2,live,10:20,353001.59,2015,UT,TN2015
DOUGLAS,5,3,live,10:20,364692.09,2015,UT,TN2015
DOUGLAS,5,kill,killed,10:20,193287.29,2015,UT,TN2015
DOUGLAS,1,1,live,10:36,162584.85,2015,UT,TN2015
DOUGLAS,1,2,live,10:36,160915.31,2015,UT,TN2015
DOUGLAS,1,3,live,10:36,164152.1,2015,UT,TN2015
DOUGLAS,1,kill,killed,10:37,136188.48,2015,UT,TN2015
DOUGLAS,2,1,live,10:37,163061.5,2015,UT,TN2015
DOUGLAS,2,2,live,10:37,161734.87,2015,UT,TN2015
DOUGLAS,2,3,live,10:38,163090.31,2015,UT,TN2015
DOUGLAS,2,kill,killed,10:38,137291.12,2015,UT,TN2015
DOUGLAS,3,1,live,10:38,222629.48,2015,UT,TN2015
DOUGLAS,3,2,live,10:39,223653.89,2015,UT,TN2015
DOUGLAS,3,3,live,10:39,218511.62,2015,UT,TN2015
DOUGLAS,3,kill,killed,10:39,109934.9,2015,UT,TN2015
DOUGLAS,4,1,live,10:39,139786.75,2015,UT,TN2015
DOUGLAS,4,2,live,10:40,135473.4,2015,UT,TN2015
DOUGLAS,4,3,live,10:40,136426.03,2015,UT,TN2015
DOUGLAS,4,kill,killed,10:40,142915.78,2015,UT,TN2015
DOUGLAS,5,1,live,10:41,526873.87,2015,UT,TN2015
DOUGLAS,5,2,live,10:41,521510.46,2015,UT,TN2015
DOUGLAS,5,3,live,10:41,533831.5,2015,UT,TN2015
DOUGLAS,5,kill,killed,10:41,193650.51,2015,UT,TN2015
DOUGLAS,1,1,live,10:58,178805.28,2015,UT,TN2015
DOUGLAS,1,2,live,10:58,177861.25,2015,UT,TN2015
DOUGLAS,1,3,live,10:58,182104.68,2015,UT,TN2015
DOUGLAS,1,kill,killed,10:59,135999.21,2015,UT,TN2015
DOUGLAS,2,1,live,10:59,177322.45,2015,UT,TN2015
DOUGLAS,2,2,live,10:59,174835.84,2015,UT,TN2015
DOUGLAS,2,3,live,10:59,177824.1,2015,UT,TN2015
DOUGLAS,2,kill,killed,11:00,141090.93,2015,UT,TN2015
DOUGLAS,3,1,live,11:00,274570.53,2015,UT,TN2015
DOUGLAS,3,2,live,11:00,275866.87,2015,UT,TN2015
DOUGLAS,3,3,live,11:01,274000.56,2015,UT,TN2015
DOUGLAS,3,kill,killed,11:01,110074.46,2015,UT,TN2015
DOUGLAS,4,1,live,11:01,142856.35,2015,UT,TN2015
DOUGLAS,4,2,live,11:01,137594.67,2015,UT,TN2015
DOUGLAS,4,3,live,11:01,139298.35,2015,UT,TN2015
DOUGLAS,4,kill,killed,11:02,142569.78,2015,UT,TN2015
DOUGLAS,5,1,live,11:02,717315.06,2015,UT,TN2015
DOUGLAS,5,2,live,11:03,722589.12,2015,UT,TN2015
DOUGLAS,5,3,live,11:03,730640.43,2015,UT,TN2015
DOUGLAS,5,kill,killed,11:03,198493.46,2015,UT,TN2015
DOUGLAS,1,1,live,11:18,194377.39,2015,UT,TN2015
DOUGLAS,1,2,live,11:18,189461.75,2015,UT,TN2015
DOUGLAS,1,3,live,11:19,193746.15,2015,UT,TN2015
DOUGLAS,1,kill,killed,11:19,136576.96,2015,UT,TN2015
DOUGLAS,2,1,live,11:19,189719.95,2015,UT,TN2015
DOUGLAS,2,2,live,11:20,187269.07,2015,UT,TN2015
DOUGLAS,2,3,live,11:20,194293.09,2015,UT,TN2015
DOUGLAS,2,kill,killed,11:20,143869.64,2015,UT,TN2015
DOUGLAS,3,1,live,11:20,324667.87,2015,UT,TN2015
DOUGLAS,3,2,live,11:21,327949.46,2015,UT,TN2015
DOUGLAS,3,3,live,11:21,325845.78,2015,UT,TN2015
DOUGLAS,3,kill,killed,11:21,109726.83,2015,UT,TN2015
DOUGLAS,4,1,live,11:21,143453.51,2015,UT,TN2015
DOUGLAS,4,2,live,11:22,139263.89,2015,UT,TN2015
DOUGLAS,4,3,live,11:22,140695.59,2015,UT,TN2015
DOUGLAS,4,kill,killed,11:22,143510.29,2015,UT,TN2015
DOUGLAS,5,1,live,11:22,913648.62,2015,UT,TN2015
DOUGLAS,5,2,live,11:23,920558.12,2015,UT,TN2015
DOUGLAS,5,3,live,11:23,916437.18,2015,UT,TN2015
DOUGLAS,5,kill,killed,11:23,201617.42,2015,UT,TN2015
DOUGLAS,1,1,live,11:37,209054.06,2015,UT,TN2015
DOUGLAS,1,2,live,11:38,205574.03,2015,UT,TN2015
DOUGLAS,1,3,live,11:38,209991,2015,UT,TN2015
DOUGLAS,1,kill,killed,11:38,138434.79,2015,UT,TN2015
DOUGLAS,2,1,live,11:38,205946.76,2015,UT,TN2015
DOUGLAS,2,2,live,11:39,202275.57,2015,UT,TN2015
DOUGLAS,2,3,live,11:39,211462.87,2015,UT,TN2015
DOUGLAS,2,kill,killed,11:39,148466.96,2015,UT,TN2015
DOUGLAS,3,1,live,11:40,376166.53,2015,UT,TN2015
DOUGLAS,3,2,live,11:41,385100.87,2015,UT,TN2015
DOUGLAS,3,3,live,11:41,377640.5,2015,UT,TN2015
DOUGLAS,3,kill,killed,11:41,113435.79,2015,UT,TN2015
DOUGLAS,4,1,live,11:42,145524.4,2015,UT,TN2015
DOUGLAS,4,2,live,11:42,142606.7,2015,UT,TN2015
DOUGLAS,4,3,live,11:43,143673.9,2015,UT,TN2015
DOUGLAS,4,kill,killed,11:43,145904.43,2015,UT,TN2015
DOUGLAS,5,1,live,11:43,1146660.37,2015,UT,TN2015
DOUGLAS,5,2,live,11:44,1164997.5,2015,UT,TN2015
DOUGLAS,5,3,live,11:44,1155168,2015,UT,TN2015
DOUGLAS,5,kill,killed,11:44,206605.93,2015,UT,TN2015
HESLER,1,1,live,10:03,140951.43,2015,UT,TN2015
HESLER,1,2,live,10:04,142058.89,2015,UT,TN2015
HESLER,1,3,live,10:04,140070.48,2015,UT,TN2015
HESLER,1,kill,killed,10:04,117894.96,2015,UT,TN2015
HESLER,2,1,live,10:05,143656.68,2015,UT,TN2015
HESLER,2,2,live,10:05,133034.31,2015,UT,TN2015
HESLER,2,3,live,10:05,126411.26,2015,UT,TN2015
HESLER,2,kill,killed,10:06,133968.14,2015,UT,TN2015
HESLER,3,1,live,10:06,193875.29,2015,UT,TN2015
HESLER,3,2,live,10:06,169648.57,2015,UT,TN2015
HESLER,3,3,live,10:06,158710.42,2015,UT,TN2015
HESLER,3,kill,killed,10:07,100747.77,2015,UT,TN2015
HESLER,4,1,live,10:07,132446.07,2015,UT,TN2015
HESLER,4,2,live,10:07,134674.03,2015,UT,TN2015
HESLER,4,3,live,10:08,128499.36,2015,UT,TN2015
HESLER,4,kill,killed,10:08,129079.83,2015,UT,TN2015
HESLER,5,1,live,10:08,252534.9,2015,UT,TN2015
HESLER,5,2,live,10:09,253749.84,2015,UT,TN2015
HESLER,5,3,live,10:09,258195,2015,UT,TN2015
HESLER,5,kill,killed,10:09,172710.81,2015,UT,TN2015
HESLER,1,1,live,10:21,162430.28,2015,UT,TN2015
HESLER,1,2,live,10:21,162903.03,2015,UT,TN2015
HESLER,1,3,live,10:21,162145.89,2015,UT,TN2015
HESLER,1,kill,killed,10:22,118008.04,2015,UT,TN2015
HESLER,2,1,live,10:22,153138.34,2015,UT,TN2015
HESLER,2,2,live,10:22,144032.21,2015,UT,TN2015
HESLER,2,3,live,10:22,135994.43,2015,UT,TN2015
HESLER,2,kill,killed,10:23,136620.21,2015,UT,TN2015
HESLER,3,1,live,10:23,299758.5,2015,UT,TN2015
HESLER,3,2,live,10:23,241318.54,2015,UT,TN2015
HESLER,3,3,live,10:23,218885.9,2015,UT,TN2015
HESLER,3,kill,killed,10:24,99759.57,2015,UT,TN2015
HESLER,4,1,live,10:24,130313.44,2015,UT,TN2015
HESLER,4,2,live,10:24,132988.9,2015,UT,TN2015
HESLER,4,3,live,10:24,129742.03,2015,UT,TN2015
HESLER,4,kill,killed,10:25,130507.6,2015,UT,TN2015
HESLER,5,1,live,10:25,351037.84,2015,UT,TN2015
HESLER,5,2,live,10:25,357793.87,2015,UT,TN2015
HESLER,5,3,live,10:26,364532.12,2015,UT,TN2015
HESLER,5,kill,killed,10:26,188774.42,2015,UT,TN2015
HESLER,1,1,live,10:42,191615.5,2015,UT,TN2015
HESLER,1,2,live,10:42,189647.54,2015,UT,TN2015
HESLER,1,3,live,10:42,189493.28,2015,UT,TN2015
HESLER,1,kill,killed,10:43,118250.12,2015,UT,TN2015
HESLER,2,1,live,10:43,165807.34,2015,UT,TN2015
HESLER,2,2,live,10:43,156120.85,2015,UT,TN2015
HESLER,2,3,live,10:44,145972.84,2015,UT,TN2015
HESLER,2,kill,killed,10:44,139839.53,2015,UT,TN2015
HESLER,3,1,live,10:44,430053.09,2015,UT,TN2015
HESLER,3,2,live,10:44,328912.53,2015,UT,TN2015
HESLER,3,3,live,10:45,293890.21,2015,UT,TN2015
HESLER,3,kill,killed,10:45,101332.93,2015,UT,TN2015
HESLER,4,1,live,10:45,132911.29,2015,UT,TN2015
HESLER,4,2,live,10:45,134433.57,2015,UT,TN2015
HESLER,4,3,live,10:46,131832.23,2015,UT,TN2015
HESLER,4,kill,killed,10:46,130996.31,2015,UT,TN2015
HESLER,5,1,live,10:46,492226.28,2015,UT,TN2015
HESLER,5,2,live,10:47,495958.21,2015,UT,TN2015
HESLER,5,3,live,10:47,509148.4,2015,UT,TN2015
HESLER,5,kill,killed,10:47,207416.06,2015,UT,TN2015
HESLER,1,1,live,11:03,218457.29,2015,UT,TN2015
HESLER,1,2,live,11:03,218861.14,2015,UT,TN2015
HESLER,1,3,live,11:04,217572.92,2015,UT,TN2015
HESLER,1,kill,killed,11:04,119272.93,2015,UT,TN2015
HESLER,2,1,live,11:05,179698.53,2015,UT,TN2015
HESLER,2,2,live,11:05,170167.71,2015,UT,TN2015
HESLER,2,3,live,11:05,156308.46,2015,UT,TN2015
HESLER,2,kill,killed,11:05,143212.31,2015,UT,TN2015
HESLER,3,1,live,11:06,544419.92,2015,UT,TN2015
HESLER,3,2,live,11:06,407961.78,2015,UT,TN2015
HESLER,3,3,live,11:06,369113.25,2015,UT,TN2015
HESLER,3,kill,killed,11:06,101179.07,2015,UT,TN2015
HESLER,4,1,live,11:07,134024.09,2015,UT,TN2015
HESLER,4,2,live,11:07,136353.93,2015,UT,TN2015
HESLER,4,3,live,11:08,134943.84,2015,UT,TN2015
HESLER,4,kill,killed,11:08,133768.39,2015,UT,TN2015
HESLER,5,1,live,11:08,639960.12,2015,UT,TN2015
HESLER,5,2,live,11:09,644277.93,2015,UT,TN2015
HESLER,5,3,live,11:09,670985.68,2015,UT,TN2015
HESLER,5,kill,killed,11:09,230202.21,2015,UT,TN2015
HESLER,1,1,live,11:23,286076.29,2015,UT,TN2015
HESLER,1,2,live,11:23,245917.04,2015,UT,TN2015
HESLER,1,3,live,11:23,242091.23,2015,UT,TN2015
HESLER,1,kill,killed,11:23,121134.46,2015,UT,TN2015
HESLER,2,1,live,11:24,193410.23,2015,UT,TN2015
HESLER,2,2,live,11:25,184075.26,2015,UT,TN2015
HESLER,2,3,live,11:25,167475.18,2015,UT,TN2015
HESLER,2,kill,killed,11:25,148547.09,2015,UT,TN2015
HESLER,3,1,live,11:26,638071.68,2015,UT,TN2015
HESLER,3,2,live,11:26,475759.84,2015,UT,TN2015
HESLER,3,3,live,11:26,416842.25,2015,UT,TN2015
HESLER,3,kill,killed,11:27,103146.5,2015,UT,TN2015
HESLER,4,1,live,11:27,136995.79,2015,UT,TN2015
HESLER,4,2,live,11:27,138768.67,2015,UT,TN2015
HESLER,4,3,live,11:27,135962.9,2015,UT,TN2015
HESLER,4,kill,killed,11:28,134094.56,2015,UT,TN2015
HESLER,5,1,live,11:28,779774.43,2015,UT,TN2015
HESLER,5,2,live,11:28,796480.37,2015,UT,TN2015
HESLER,5,3,live,11:28,832820.25,2015,UT,TN2015
HESLER,5,kill,killed,11:28,245150.5,2015,UT,TN2015
HESLER,1,1,live,11:45,274647.15,2015,UT,TN2015
HESLER,1,2,live,11:45,275484.4,2015,UT,TN2015
HESLER,1,3,live,11:45,273871.65,2015,UT,TN2015
HESLER,1,kill,killed,11:46,122307.42,2015,UT,TN2015
HESLER,2,1,live,11:46,209952.31,2015,UT,TN2015
HESLER,2,2,live,11:46,202148.17,2015,UT,TN2015
HESLER,2,3,live,11:47,184036.01,2015,UT,TN2015
HESLER,2,kill,killed,11:47,160070.15,2015,UT,TN2015
HESLER,3,1,live,11:47,711568.5,2015,UT,TN2015
HESLER,3,2,live,11:48,559782.56,2015,UT,TN2015
HESLER,3,3,live,11:48,495498.65,2015,UT,TN2015
HESLER,3,kill,killed,11:48,103909.78,2015,UT,TN2015
HESLER,4,1,live,11:49,139989.35,2015,UT,TN2015
HESLER,4,2,live,11:49,140952.15,2015,UT,TN2015
HESLER,4,3,live,11:49,138196.64,2015,UT,TN2015
HESLER,4,kill,killed,11:50,135500.9,2015,UT,TN2015
HESLER,5,1,live,11:50,949184.06,2015,UT,TN2015
HESLER,5,2,live,11:50,968671.93,2015,UT,TN2015
HESLER,5,3,live,11:51,1024795.12,2015,UT,TN2015
HESLER,5,kill,killed,11:51,270040.25,2015,UT,TN2015
DOUGLAS2,1,1,live,10:49,130383.09,2015,UT,TN2015
DOUGLAS2,1,2,live,10:50,127913.26,2015,UT,TN2015
DOUGLAS2,1,3,live,10:50,135234.35,2015,UT,TN2015
DOUGLAS2,1,kill,killed,10:50,128695.68,2015,UT,TN2015
DOUGLAS2,2,1,live,10:51,134148.73,2015,UT,TN2015
DOUGLAS2,2,2,live,10:51,131791.04,2015,UT,TN2015
DOUGLAS2,2,3,live,10:51,121728.1,2015,UT,TN2015
DOUGLAS2,2,kill,killed,10:52,142948.2,2015,UT,TN2015
DOUGLAS2,3,1,live,10:52,126702.14,2015,UT,TN2015
DOUGLAS2,3,2,live,10:53,137339.09,2015,UT,TN2015
DOUGLAS2,3,3,live,10:53,138717.92,2015,UT,TN2015
DOUGLAS2,3,kill,killed,10:53,116996.53,2015,UT,TN2015
DOUGLAS2,4,1,live,10:54,147649.01,2015,UT,TN2015
DOUGLAS2,4,2,live,10:54,150204.06,2015,UT,TN2015
DOUGLAS2,4,3,live,10:54,152673.76,2015,UT,TN2015
DOUGLAS2,4,kill,killed,10:55,150007.71,2015,UT,TN2015
DOUGLAS2,5,1,live,10:55,288521.56,2015,UT,TN2015
DOUGLAS2,5,2,live,10:55,284903.5,2015,UT,TN2015
DOUGLAS2,5,3,live,10:56,296121.21,2015,UT,TN2015
DOUGLAS2,5,kill,killed,10:56,194925.82,2015,UT,TN2015
DOUGLAS2,1,1,live,11:09,140723.67,2015,UT,TN2015
DOUGLAS2,1,2,live,11:09,137883.71,2015,UT,TN2015
DOUGLAS2,1,3,live,11:09,145290.28,2015,UT,TN2015
DOUGLAS2,1,kill,killed,11:10,128210.9,2015,UT,TN2015
DOUGLAS2,2,1,live,11:10,154891.87,2015,UT,TN2015
DOUGLAS2,2,2,live,11:10,152720.37,2015,UT,TN2015
DOUGLAS2,2,3,live,11:11,140066.71,2015,UT,TN2015
DOUGLAS2,2,kill,killed,11:11,150731.39,2015,UT,TN2015
DOUGLAS2,3,1,live,11:11,161725.32,2015,UT,TN2015
DOUGLAS2,3,2,live,11:12,175709.89,2015,UT,TN2015
DOUGLAS2,3,3,live,11:12,176275.82,2015,UT,TN2015
DOUGLAS2,3,kill,killed,11:12,118055.16,2015,UT,TN2015
DOUGLAS2,4,1,live,11:13,143387.2,2015,UT,TN2015
DOUGLAS2,4,2,live,11:13,146933.67,2015,UT,TN2015
DOUGLAS2,4,3,live,11:13,150607.31,2015,UT,TN2015
DOUGLAS2,4,kill,killed,11:14,148511.23,2015,UT,TN2015
DOUGLAS2,5,1,live,11:14,524458.31,2015,UT,TN2015
DOUGLAS2,5,2,live,11:14,520682.53,2015,UT,TN2015
DOUGLAS2,5,3,live,11:15,538976.93,2015,UT,TN2015
DOUGLAS2,5,kill,killed,11:15,195773.51,2015,UT,TN2015
DOUGLAS2,1,1,live,11:29,153987.17,2015,UT,TN2015
DOUGLAS2,1,2,live,11:29,149254.29,2015,UT,TN2015
DOUGLAS2,1,3,live,11:29,158983.95,2015,UT,TN2015
DOUGLAS2,1,kill,killed,11:30,129272.99,2015,UT,TN2015
DOUGLAS2,2,1,live,11:30,165925.23,2015,UT,TN2015
DOUGLAS2,2,2,live,11:30,162874.23,2015,UT,TN2015
DOUGLAS2,2,3,live,11:31,150364.14,2015,UT,TN2015
DOUGLAS2,2,kill,killed,11:31,148478.76,2015,UT,TN2015
DOUGLAS2,3,1,live,11:31,203328.31,2015,UT,TN2015
DOUGLAS2,3,2,live,11:32,215823.29,2015,UT,TN2015
DOUGLAS2,3,3,live,11:32,218919.25,2015,UT,TN2015
DOUGLAS2,3,kill,killed,11:32,117648,2015,UT,TN2015
DOUGLAS2,4,1,live,11:33,144194.15,2015,UT,TN2015
DOUGLAS2,4,2,live,11:34,146145.39,2015,UT,TN2015
DOUGLAS2,4,3,live,11:34,148044.95,2015,UT,TN2015
DOUGLAS2,4,kill,killed,11:34,146306.35,2015,UT,TN2015
DOUGLAS2,5,1,live,11:35,827774.93,2015,UT,TN2015
DOUGLAS2,5,2,live,11:35,849518.43,2015,UT,TN2015
DOUGLAS2,5,3,live,11:35,867596.87,2015,UT,TN2015
DOUGLAS2,5,kill,killed,11:35,199175.71,2015,UT,TN2015
DOUGLAS2,1,1,live,11:49,168158.21,2015,UT,TN2015
DOUGLAS2,1,2,live,11:49,161828.81,2015,UT,TN2015
DOUGLAS2,1,3,live,11:49,171569.81,2015,UT,TN2015
DOUGLAS2,1,kill,killed,11:49,128410.78,2015,UT,TN2015
DOUGLAS2,2,1,live,11:50,174621.37,2015,UT,TN2015
DOUGLAS2,2,2,live,11:50,169467.46,2015,UT,TN2015
DOUGLAS2,2,3,live,11:50,157070.23,2015,UT,TN2015
DOUGLAS2,2,kill,killed,11:50,150117.45,2015,UT,TN2015
DOUGLAS2,3,1,live,11:51,244030.64,2015,UT,TN2015
DOUGLAS2,3,2,live,11:51,256105.23,2015,UT,TN2015
DOUGLAS2,3,3,live,11:51,258904.24,2015,UT,TN2015
DOUGLAS2,3,kill,killed,11:51,117785.18,2015,UT,TN2015
DOUGLAS2,4,1,live,11:52,141603.95,2015,UT,TN2015
DOUGLAS2,4,2,live,11:52,146205.21,2015,UT,TN2015
DOUGLAS2,4,3,live,11:52,149159.37,2015,UT,TN2015
DOUGLAS2,4,kill,killed,11:52,147270.04,2015,UT,TN2015
DOUGLAS2,5,1,live,11:52,1206312.87,2015,UT,TN2015
DOUGLAS2,5,2,live,11:53,1220644.25,2015,UT,TN2015
DOUGLAS2,5,3,live,11:53,1268665.01,2015,UT,TN2015
DOUGLAS2,5,kill,killed,11:53,200781.03,2015,UT,TN2015
DOUGLAS2,1,1,live,12:09,179306.62,2015,UT,TN2015
DOUGLAS2,1,2,live,12:09,174069.81,2015,UT,TN2015
DOUGLAS2,1,3,live,12:09,184515.75,2015,UT,TN2015
DOUGLAS2,1,kill,killed,12:09,129041.65,2015,UT,TN2015
DOUGLAS2,2,1,live,12:10,183401.31,2015,UT,TN2015
DOUGLAS2,2,2,live,12:10,179101.68,2015,UT,TN2015
DOUGLAS2,2,3,live,12:10,165196.64,2015,UT,TN2015
DOUGLAS2,2,kill,killed,12:10,152089.37,2015,UT,TN2015
DOUGLAS2,3,1,live,12:11,285124.18,2015,UT,TN2015
DOUGLAS2,3,2,live,12:11,297603.06,2015,UT,TN2015
DOUGLAS2,3,3,live,12:11,302662.71,2015,UT,TN2015
DOUGLAS2,3,kill,killed,12:11,119575.95,2015,UT,TN2015
DOUGLAS2,4,1,live,12:12,142965.57,2015,UT,TN2015
DOUGLAS2,4,2,live,12:12,149617.48,2015,UT,TN2015
DOUGLAS2,4,3,live,12:12,152857.2,2015,UT,TN2015
DOUGLAS2,4,kill,killed,12:12,147245.26,2015,UT,TN2015
DOUGLAS2,5,1,live,12:13,1622463.75,2015,UT,TN2015
DOUGLAS2,5,2,live,12:13,1656091.12,2015,UT,TN2015
DOUGLAS2,5,3,live,12:13,1714491.25,2015,UT,TN2015
DOUGLAS2,5,kill,killed,12:13,204212.17,2015,UT,TN2015
DOUGLAS2,1,1,live,12:29,195656.1,2015,UT,TN2015
DOUGLAS2,1,2,live,12:29,128732.76,2015,UT,TN2015
DOUGLAS2,1,3,live,12:29,201081.81,2015,UT,TN2015
DOUGLAS2,1,kill,killed,12:29,131757.56,2015,UT,TN2015
DOUGLAS2,2,1,live,12:30,194334.45,2015,UT,TN2015
DOUGLAS2,2,2,live,12:30,191415.84,2015,UT,TN2015
DOUGLAS2,2,3,live,12:30,178962.35,2015,UT,TN2015
DOUGLAS2,2,kill,killed,12:30,155086.59,2015,UT,TN2015
DOUGLAS2,3,1,live,12:31,327686.65,2015,UT,TN2015
DOUGLAS2,3,2,live,12:31,346297,2015,UT,TN2015
DOUGLAS2,3,3,live,12:31,349758.5,2015,UT,TN2015
DOUGLAS2,3,kill,killed,12:31,122097.92,2015,UT,TN2015
DOUGLAS2,4,1,live,12:32,144339.25,2015,UT,TN2015
DOUGLAS2,4,2,live,12:32,147193.56,2015,UT,TN2015
DOUGLAS2,4,3,live,12:32,150939.57,2015,UT,TN2015
DOUGLAS2,4,kill,killed,12:32,148884.45,2015,UT,TN2015
DOUGLAS2,5,1,live,12:33,2171899.01,2015,UT,TN2015
DOUGLAS2,5,2,live,12:33,2135591.25,2015,UT,TN2015
DOUGLAS2,5,3,live,12:33,2233547.25,2015,UT,TN2015
DOUGLAS2,5,kill,killed,12:33,208243.04,2015,UT,TN2015
SISBP,1,1,live,10:56,143882.71,2015,UT,TN2015
SISBP,1,2,live,10:56,138633.59,2015,UT,TN2015
SISBP,1,3,live,10:57,148125.67,2015,UT,TN2015
SISBP,1,kill,killed,10:57,130720.67,2015,UT,TN2015
SISBP,2,1,live,10:57,132738.31,2015,UT,TN2015
SISBP,2,2,live,10:58,135734.03,2015,UT,TN2015
SISBP,2,3,live,10:58,133919.17,2015,UT,TN2015
SISBP,2,kill,killed,10:58,130394.84,2015,UT,TN2015
SISBP,3,1,live,10:59,149176.25,2015,UT,TN2015
SISBP,3,2,live,10:59,148991.01,2015,UT,TN2015
SISBP,3,3,live,10:59,147151.28,2015,UT,TN2015
SISBP,3,kill,killed,11:00,115861.67,2015,UT,TN2015
SISBP,4,1,live,11:00,137548.06,2015,UT,TN2015
SISBP,4,2,live,11:00,138603.95,2015,UT,TN2015
SISBP,4,3,live,11:01,140909.93,2015,UT,TN2015
SISBP,4,kill,killed,11:01,141324.14,2015,UT,TN2015
SISBP,5,1,live,11:01,202400.67,2015,UT,TN2015
SISBP,5,2,live,11:02,203219.62,2015,UT,TN2015
SISBP,5,3,live,11:02,206941.79,2015,UT,TN2015
SISBP,5,kill,killed,11:02,187859.18,2015,UT,TN2015
SISBP,1,1,live,11:16,159247.12,2015,UT,TN2015
SISBP,1,2,live,11:16,163030.28,2015,UT,TN2015
SISBP,1,3,live,11:16,160350.6,2015,UT,TN2015
SISBP,1,kill,killed,11:16,134169.09,2015,UT,TN2015
SISBP,2,1,live,11:17,146455.64,2015,UT,TN2015
SISBP,2,2,live,11:17,144131.68,2015,UT,TN2015
SISBP,2,3,live,11:17,148449.73,2015,UT,TN2015
SISBP,2,kill,killed,11:18,146708.81,2015,UT,TN2015
SISBP,3,1,live,11:18,186139.5,2015,UT,TN2015
SISBP,3,2,live,11:18,184575.56,2015,UT,TN2015
SISBP,3,3,live,11:19,185435.9,2015,UT,TN2015
SISBP,3,kill,killed,11:19,116729.3,2015,UT,TN2015
SISBP,4,1,live,11:19,147193.5,2015,UT,TN2015
SISBP,4,2,live,11:20,146455.75,2015,UT,TN2015
SISBP,4,3,live,11:20,149339.07,2015,UT,TN2015
SISBP,4,kill,killed,11:20,142103.17,2015,UT,TN2015
SISBP,5,1,live,11:21,228360.78,2015,UT,TN2015
SISBP,5,2,live,11:21,234227.17,2015,UT,TN2015
SISBP,5,3,live,11:21,232310.87,2015,UT,TN2015
SISBP,5,kill,killed,11:22,187191.84,2015,UT,TN2015
SISBP,1,1,live,11:36,176376.62,2015,UT,TN2015
SISBP,1,2,live,11:36,174351.39,2015,UT,TN2015
SISBP,1,3,live,11:36,179159.75,2015,UT,TN2015
SISBP,1,kill,killed,11:37,126942.96,2015,UT,TN2015
SISBP,2,1,live,11:37,150772.89,2015,UT,TN2015
SISBP,2,2,live,11:37,156169.78,2015,UT,TN2015
SISBP,2,3,live,11:38,153683.68,2015,UT,TN2015
SISBP,2,kill,killed,11:38,151813.18,2015,UT,TN2015
SISBP,3,1,live,11:38,230874.04,2015,UT,TN2015
SISBP,3,2,live,11:39,227859.79,2015,UT,TN2015
SISBP,3,3,live,11:39,226944.57,2015,UT,TN2015
SISBP,3,kill,killed,11:39,116766.85,2015,UT,TN2015
SISBP,4,1,live,11:40,155241.82,2015,UT,TN2015
SISBP,4,2,live,11:40,157286.1,2015,UT,TN2015
SISBP,4,3,live,11:40,157211.18,2015,UT,TN2015
SISBP,4,kill,killed,11:41,141323.21,2015,UT,TN2015
SISBP,5,1,live,11:41,215725.73,2015,UT,TN2015
SISBP,5,2,live,11:41,245082.76,2015,UT,TN2015
SISBP,5,3,live,11:42,243593.5,2015,UT,TN2015
SISBP,5,kill,killed,11:42,188472.46,2015,UT,TN2015
SISBP,1,1,live,11:54,191141.87,2015,UT,TN2015
SISBP,1,2,live,11:54,188715.25,2015,UT,TN2015
SISBP,1,3,live,11:54,193586,2015,UT,TN2015
SISBP,1,kill,killed,11:55,126166.53,2015,UT,TN2015
SISBP,2,1,live,11:55,149264.87,2015,UT,TN2015
SISBP,2,2,live,11:55,165279.95,2015,UT,TN2015
SISBP,2,3,live,11:55,160535.68,2015,UT,TN2015
SISBP,2,kill,killed,11:56,152514.51,2015,UT,TN2015
SISBP,3,1,live,11:56,271106.06,2015,UT,TN2015
SISBP,3,2,live,11:56,267259.65,2015,UT,TN2015
SISBP,3,3,live,11:56,267554.84,2015,UT,TN2015
SISBP,3,kill,killed,11:57,115813.57,2015,UT,TN2015
SISBP,4,1,live,11:57,156122.51,2015,UT,TN2015
SISBP,4,2,live,11:57,156138.42,2015,UT,TN2015
SISBP,4,3,live,11:57,157726.4,2015,UT,TN2015
SISBP,4,kill,killed,11:58,141515.95,2015,UT,TN2015
SISBP,5,1,live,11:58,225665.75,2015,UT,TN2015
SISBP,5,2,live,11:59,250849.79,2015,UT,TN2015
SISBP,5,3,live,11:59,251757.35,2015,UT,TN2015
SISBP,5,kill,killed,11:59,187582.34,2015,UT,TN2015
SISBP,1,1,live,12:14,208713.07,2015,UT,TN2015
SISBP,1,2,live,12:14,205440.01,2015,UT,TN2015
SISBP,1,3,live,12:14,207813.92,2015,UT,TN2015
SISBP,1,kill,killed,12:14,126804.28,2015,UT,TN2015
SISBP,2,1,live,12:15,158111.81,2015,UT,TN2015
SISBP,2,2,live,12:15,174073.71,2015,UT,TN2015
SISBP,2,3,live,12:15,168129.65,2015,UT,TN2015
SISBP,2,kill,killed,12:15,156791.32,2015,UT,TN2015
SISBP,3,1,live,12:16,306190.24,2015,UT,TN2015
SISBP,3,2,live,12:16,311136.75,2015,UT,TN2015
SISBP,3,3,live,12:16,309156.34,2015,UT,TN2015
SISBP,3,kill,killed,12:16,117942.93,2015,UT,TN2015
SISBP,4,1,live,12:17,156905.75,2015,UT,TN2015
SISBP,4,2,live,12:17,155878.18,2015,UT,TN2015
SISBP,4,3,live,12:17,158064.09,2015,UT,TN2015
SISBP,4,kill,killed,12:17,141249.14,2015,UT,TN2015
SISBP,5,1,live,12:18,229270.95,2015,UT,TN2015
SISBP,5,2,live,12:18,260385.43,2015,UT,TN2015
SISBP,5,3,live,12:18,257481.09,2015,UT,TN2015
SISBP,5,kill,killed,12:18,188103.09,2015,UT,TN2015
SISBP,1,1,live,12:34,224058.15,2015,UT,TN2015
SISBP,1,2,live,12:34,226334.64,2015,UT,TN2015
SISBP,1,3,live,12:34,227650.28,2015,UT,TN2015
SISBP,1,kill,killed,12:34,127609.91,2015,UT,TN2015
SISBP,2,1,live,12:35,167159.01,2015,UT,TN2015
SISBP,2,2,live,12:35,181176.25,2015,UT,TN2015
SISBP,2,3,live,12:35,178672.67,2015,UT,TN2015
SISBP,2,kill,killed,12:35,160870.59,2015,UT,TN2015
SISBP,3,1,live,12:36,354621.37,2015,UT,TN2015
SISBP,3,2,live,12:36,358571.78,2015,UT,TN2015
SISBP,3,3,live,12:36,353118.43,2015,UT,TN2015
SISBP,3,kill,killed,12:36,118675.51,2015,UT,TN2015
SISBP,4,1,live,12:37,157284.82,2015,UT,TN2015
SISBP,4,2,live,12:37,158664.89,2015,UT,TN2015
SISBP,4,3,live,12:37,158466.67,2015,UT,TN2015
SISBP,4,kill,killed,12:37,143091.75,2015,UT,TN2015
SISBP,5,1,live,12:38,236585.43,2015,UT,TN2015
SISBP,5,2,live,12:38,277529.71,2015,UT,TN2015
SISBP,5,3,live,12:38,268420.43,2015,UT,TN2015
SISBP,5,kill,killed,12:38,188677.89,2015,UT,TN2015
THIRDCREEK,1,1,live,11:51,138124.01,2015,UT,TN2015
THIRDCREEK,1,2,live,11:52,138128.06,2015,UT,TN2015
THIRDCREEK,1,3,live,11:52,137702.75,2015,UT,TN2015
THIRDCREEK,1,kill,killed,11:52,131918.92,2015,UT,TN2015
THIRDCREEK,2,1,live,11:53,121449.87,2015,UT,TN2015
THIRDCREEK,2,2,live,11:53,122388.75,2015,UT,TN2015
THIRDCREEK,2,3,live,11:53,121634.57,2015,UT,TN2015
THIRDCREEK,2,kill,killed,11:55,126233.1,2015,UT,TN2015
THIRDCREEK,3,1,live,11:55,122240.45,2015,UT,TN2015
THIRDCREEK,3,2,live,11:55,122722.8,2015,UT,TN2015
THIRDCREEK,3,3,live,11:56,118014.42,2015,UT,TN2015
THIRDCREEK,3,kill,killed,11:56,100471.22,2015,UT,TN2015
THIRDCREEK,4,1,live,11:57,145195.53,2015,UT,TN2015
THIRDCREEK,4,2,live,11:57,150625.62,2015,UT,TN2015
THIRDCREEK,4,3,live,11:58,146658.87,2015,UT,TN2015
THIRDCREEK,4,kill,killed,11:58,148173.81,2015,UT,TN2015
THIRDCREEK,5,1,live,11:59,144252.76,2015,UT,TN2015
THIRDCREEK,5,2,live,11:59,147962.35,2015,UT,TN2015
THIRDCREEK,5,3,live,11:59,146314.39,2015,UT,TN2015
THIRDCREEK,5,kill,killed,11:59,130472.86,2015,UT,TN2015
THIRDCREEK,1,1,live,12:12,152822.79,2015,UT,TN2015
THIRDCREEK,1,2,live,12:12,150824.82,2015,UT,TN2015
THIRDCREEK,1,3,live,12:12,150886.06,2015,UT,TN2015
THIRDCREEK,1,kill,killed,12:13,132840.56,2015,UT,TN2015
THIRDCREEK,2,1,live,12:13,131718.5,2015,UT,TN2015
THIRDCREEK,2,2,live,12:13,132719.4,2015,UT,TN2015
THIRDCREEK,2,3,live,12:14,132815.31,2015,UT,TN2015
THIRDCREEK,2,kill,killed,12:14,133294.93,2015,UT,TN2015
THIRDCREEK,3,1,live,12:14,137987.56,2015,UT,TN2015
THIRDCREEK,3,2,live,12:15,138607.62,2015,UT,TN2015
THIRDCREEK,3,3,live,12:15,135085.46,2015,UT,TN2015
THIRDCREEK,3,kill,killed,12:15,100130.68,2015,UT,TN2015
THIRDCREEK,4,1,live,12:16,139261.31,2015,UT,TN2015
THIRDCREEK,4,2,live,12:16,145332.5,2015,UT,TN2015
THIRDCREEK,4,3,live,12:16,141619.14,2015,UT,TN2015
THIRDCREEK,4,kill,killed,12:17,143686.37,2015,UT,TN2015
THIRDCREEK,5,1,live,12:17,171711.15,2015,UT,TN2015
THIRDCREEK,5,2,live,12:18,176146.23,2015,UT,TN2015
THIRDCREEK,5,3,live,12:18,173346.18,2015,UT,TN2015
THIRDCREEK,5,kill,killed,12:18,129188.76,2015,UT,TN2015
THIRDCREEK,1,1,live,12:30,162628.71,2015,UT,TN2015
THIRDCREEK,1,2,live,12:30,160308.7,2015,UT,TN2015
THIRDCREEK,1,3,live,12:30,161274.95,2015,UT,TN2015
THIRDCREEK,1,kill,killed,12:30,132344.35,2015,UT,TN2015
THIRDCREEK,2,1,live,12:31,137238.06,2015,UT,TN2015
THIRDCREEK,2,2,live,12:31,137995.12,2015,UT,TN2015
THIRDCREEK,2,3,live,12:31,135994.42,2015,UT,TN2015
THIRDCREEK,2,kill,killed,12:32,132776.46,2015,UT,TN2015
THIRDCREEK,3,1,live,12:32,152920.5,2015,UT,TN2015
THIRDCREEK,3,2,live,12:32,153263.62,2015,UT,TN2015
THIRDCREEK,3,3,live,12:33,148796.04,2015,UT,TN2015
THIRDCREEK,3,kill,killed,12:33,99689.01,2015,UT,TN2015
THIRDCREEK,4,1,live,12:33,139028.71,2015,UT,TN2015
THIRDCREEK,4,2,live,12:34,144479.26,2015,UT,TN2015
THIRDCREEK,4,3,live,12:34,141212,2015,UT,TN2015
THIRDCREEK,4,kill,killed,12:34,144282.03,2015,UT,TN2015
THIRDCREEK,5,1,live,12:35,196775.68,2015,UT,TN2015
THIRDCREEK,5,2,live,12:35,200924.23,2015,UT,TN2015
THIRDCREEK,5,3,live,12:35,196790.73,2015,UT,TN2015
THIRDCREEK,5,kill,killed,12:36,128519.27,2015,UT,TN2015
THIRDCREEK,1,1,live,12:50,177551.28,2015,UT,TN2015
THIRDCREEK,1,2,live,12:50,175867.85,2015,UT,TN2015
THIRDCREEK,1,3,live,12:51,176932.28,2015,UT,TN2015
THIRDCREEK,1,kill,killed,12:52,134885.9,2015,UT,TN2015
THIRDCREEK,2,1,live,12:52,148885.54,2015,UT,TN2015
THIRDCREEK,2,2,live,12:52,145589.26,2015,UT,TN2015
THIRDCREEK,2,3,live,12:53,142380.7,2015,UT,TN2015
THIRDCREEK,2,kill,killed,12:53,136716.25,2015,UT,TN2015
THIRDCREEK,3,1,live,12:53,174837.37,2015,UT,TN2015
THIRDCREEK,3,2,live,12:54,174938.93,2015,UT,TN2015
THIRDCREEK,3,3,live,12:54,174186.15,2015,UT,TN2015
THIRDCREEK,3,kill,killed,12:54,101050.93,2015,UT,TN2015
THIRDCREEK,4,1,live,12:55,140249.34,2015,UT,TN2015
THIRDCREEK,4,2,live,12:55,143842.89,2015,UT,TN2015
THIRDCREEK,4,3,live,12:56,143005.35,2015,UT,TN2015
THIRDCREEK,4,kill,killed,12:56,143612.7,2015,UT,TN2015
THIRDCREEK,5,1,live,12:56,227017.01,2015,UT,TN2015
THIRDCREEK,5,2,live,12:57,228360.32,2015,UT,TN2015
THIRDCREEK,5,3,live,12:57,226173.18,2015,UT,TN2015
THIRDCREEK,5,kill,killed,12:58,129088.59,2015,UT,TN2015
THIRDCREEK,1,1,live,13:11,190457.64,2015,UT,TN2015
THIRDCREEK,1,2,live,13:11,187519.01,2015,UT,TN2015
THIRDCREEK,1,3,live,13:12,193361.43,2015,UT,TN2015
THIRDCREEK,1,kill,killed,13:12,132788.35,2015,UT,TN2015
THIRDCREEK,2,1,live,13:13,154425.6,2015,UT,TN2015
THIRDCREEK,2,2,live,13:13,153739.35,2015,UT,TN2015
THIRDCREEK,2,3,live,13:14,155101.57,2015,UT,TN2015
THIRDCREEK,2,kill,killed,13:14,139967.65,2015,UT,TN2015
THIRDCREEK,3,1,live,13:14,195259.32,2015,UT,TN2015
THIRDCREEK,3,2,live,13:15,196662.92,2015,UT,TN2015
THIRDCREEK,3,3,live,13:15,191998.37,2015,UT,TN2015
THIRDCREEK,3,kill,killed,13:15,101720.79,2015,UT,TN2015
THIRDCREEK,4,1,live,13:16,142100.35,2015,UT,TN2015
THIRDCREEK,4,2,live,13:16,145672.59,2015,UT,TN2015
THIRDCREEK,4,3,live,13:16,142963.28,2015,UT,TN2015
THIRDCREEK,4,kill,killed,13:17,143886.98,2015,UT,TN2015
THIRDCREEK,5,1,live,13:17,250127.07,2015,UT,TN2015
THIRDCREEK,5,2,live,13:17,253559.92,2015,UT,TN2015
THIRDCREEK,5,3,live,13:18,248471.15,2015,UT,TN2015
THIRDCREEK,5,kill,killed,13:18,128720.28,2015,UT,TN2015
THIRDCREEK,1,1,live,13:27,201736.54,2015,UT,TN2015
THIRDCREEK,1,2,live,13:27,199273.5,2015,UT,TN2015
THIRDCREEK,1,3,live,13:28,200147.62,2015,UT,TN2015
THIRDCREEK,1,kill,killed,13:28,135724.37,2015,UT,TN2015
THIRDCREEK,2,1,live,13:28,159791.07,2015,UT,TN2015
THIRDCREEK,2,2,live,13:29,154211.89,2015,UT,TN2015
THIRDCREEK,2,3,live,13:29,162900.64,2015,UT,TN2015
THIRDCREEK,2,kill,killed,13:29,141679.67,2015,UT,TN2015
THIRDCREEK,3,1,live,13:30,210002.41,2015,UT,TN2015
THIRDCREEK,3,2,live,13:30,211627.54,2015,UT,TN2015
THIRDCREEK,3,3,live,13:30,208900.31,2015,UT,TN2015
THIRDCREEK,3,kill,killed,13:31,102453.16,2015,UT,TN2015
THIRDCREEK,4,1,live,13:31,142759.01,2015,UT,TN2015
THIRDCREEK,4,2,live,13:32,146791.85,2015,UT,TN2015
THIRDCREEK,4,3,live,13:32,144688.65,2015,UT,TN2015
THIRDCREEK,4,kill,killed,13:33,144111.1,2015,UT,TN2015
THIRDCREEK,5,1,live,13:33,272351.93,2015,UT,TN2015
THIRDCREEK,5,2,live,13:33,273659.34,2015,UT,TN2015
THIRDCREEK,5,3,live,13:33,266675.25,2015,UT,TN2015
THIRDCREEK,5,kill,killed,13:34,129646.54,2015,UT,TN2015
WFPC,1,1,live,10:29,146618.84,2015,UT,TN2015
WFPC,1,2,live,10:29,145775.07,2015,UT,TN2015
WFPC,1,3,live,10:29,144975.64,2015,UT,TN2015
WFPC,1,kill,killed,10:29,130756.57,2015,UT,TN2015
WFPC,2,1,live,10:30,133216.95,2015,UT,TN2015
WFPC,2,2,live,10:30,126823.84,2015,UT,TN2015
WFPC,2,3,live,10:30,139060.92,2015,UT,TN2015
WFPC,2,kill,killed,10:31,126357.78,2015,UT,TN2015
WFPC,3,1,live,10:31,121106.77,2015,UT,TN2015
WFPC,3,2,live,10:32,127959.18,2015,UT,TN2015
WFPC,3,3,live,10:32,131546.98,2015,UT,TN2015
WFPC,3,kill,killed,10:32,113176.78,2015,UT,TN2015
WFPC,4,1,live,10:32,138567.92,2015,UT,TN2015
WFPC,4,2,live,10:33,143843.64,2015,UT,TN2015
WFPC,4,3,live,10:33,139344.78,2015,UT,TN2015
WFPC,4,kill,killed,10:33,154829.01,2015,UT,TN2015
WFPC,5,1,live,10:34,192566.82,2015,UT,TN2015
WFPC,5,2,live,10:34,189834.12,2015,UT,TN2015
WFPC,5,3,live,10:35,180983.57,2015,UT,TN2015
WFPC,5,kill,killed,10:35,199960.71,2015,UT,TN2015
WFPC,1,1,live,10:45,163054.64,2015,UT,TN2015
WFPC,1,2,live,10:45,160763.45,2015,UT,TN2015
WFPC,1,3,live,10:46,160651.29,2015,UT,TN2015
WFPC,1,kill,killed,10:46,129406.67,2015,UT,TN2015
WFPC,2,1,live,10:46,141061.78,2015,UT,TN2015
WFPC,2,2,live,10:46,133400.71,2015,UT,TN2015
WFPC,2,3,live,10:47,147069.34,2015,UT,TN2015
WFPC,2,kill,killed,10:47,129210.82,2015,UT,TN2015
WFPC,3,1,live,10:47,136777.06,2015,UT,TN2015
WFPC,3,2,live,10:47,145373.62,2015,UT,TN2015
WFPC,3,3,live,10:47,149431.81,2015,UT,TN2015
WFPC,3,kill,killed,10:48,114941.8,2015,UT,TN2015
WFPC,4,1,live,10:48,135921.51,2015,UT,TN2015
WFPC,4,2,live,10:48,139757.64,2015,UT,TN2015
WFPC,4,3,live,10:48,137455.47,2015,UT,TN2015
WFPC,4,kill,killed,10:49,148250.45,2015,UT,TN2015
WFPC,5,1,live,10:49,196860.73,2015,UT,TN2015
WFPC,5,2,live,10:49,196332.64,2015,UT,TN2015
WFPC,5,3,live,10:49,188004.53,2015,UT,TN2015
WFPC,5,kill,killed,10:50,195162.23,2015,UT,TN2015
WFPC,1,1,live,11:05,183187.28,2015,UT,TN2015
WFPC,1,2,live,11:05,181043.06,2015,UT,TN2015
WFPC,1,3,live,11:05,180886.03,2015,UT,TN2015
WFPC,1,kill,killed,11:06,130019.99,2015,UT,TN2015
WFPC,2,1,live,11:06,148441.51,2015,UT,TN2015
WFPC,2,2,live,11:06,142838.96,2015,UT,TN2015
WFPC,2,3,live,11:07,155435.48,2015,UT,TN2015
WFPC,2,kill,killed,11:07,131765.18,2015,UT,TN2015
WFPC,3,1,live,11:07,158634.48,2015,UT,TN2015
WFPC,3,2,live,11:07,168338.07,2015,UT,TN2015
WFPC,3,3,live,11:08,175359.75,2015,UT,TN2015
WFPC,3,kill,killed,11:08,114748.96,2015,UT,TN2015
WFPC,4,1,live,11:08,136311.21,2015,UT,TN2015
WFPC,4,2,live,11:08,139938.54,2015,UT,TN2015
WFPC,4,3,live,11:08,139216.48,2015,UT,TN2015
WFPC,4,kill,killed,11:09,148304.29,2015,UT,TN2015
WFPC,5,1,live,11:09,207865.48,2015,UT,TN2015
WFPC,5,2,live,11:10,207037.32,2015,UT,TN2015
WFPC,5,3,live,11:10,199603.09,2015,UT,TN2015
WFPC,5,kill,killed,11:10,197191.78,2015,UT,TN2015
WFPC,1,1,live,11:25,200576.87,2015,UT,TN2015
WFPC,1,2,live,11:26,201629.95,2015,UT,TN2015
WFPC,1,3,live,11:26,201088.71,2015,UT,TN2015
WFPC,1,kill,killed,11:26,132196.54,2015,UT,TN2015
WFPC,2,1,live,11:26,156335.01,2015,UT,TN2015
WFPC,2,2,live,11:26,150264.26,2015,UT,TN2015
WFPC,2,3,live,11:27,164399.35,2015,UT,TN2015
WFPC,2,kill,killed,11:27,132902.29,2015,UT,TN2015
WFPC,3,1,live,11:27,183393.04,2015,UT,TN2015
WFPC,3,2,live,11:28,193246.87,2015,UT,TN2015
WFPC,3,3,live,11:28,203108.73,2015,UT,TN2015
WFPC,3,kill,killed,11:28,116900.6,2015,UT,TN2015
WFPC,4,1,live,11:28,137083.64,2015,UT,TN2015
WFPC,4,2,live,11:29,140701.75,2015,UT,TN2015
WFPC,4,3,live,11:29,139982.07,2015,UT,TN2015
WFPC,4,kill,killed,11:29,147204.53,2015,UT,TN2015
WFPC,5,1,live,11:29,214343.68,2015,UT,TN2015
WFPC,5,2,live,11:30,217616.51,2015,UT,TN2015
WFPC,5,3,live,11:30,209342.2,2015,UT,TN2015
WFPC,5,kill,killed,11:30,201953.21,2015,UT,TN2015
WFPC,1,1,live,11:44,221964.07,2015,UT,TN2015
WFPC,1,2,live,11:44,218881.48,2015,UT,TN2015
WFPC,1,3,live,11:44,219074.04,2015,UT,TN2015
WFPC,1,kill,killed,11:45,131333.68,2015,UT,TN2015
WFPC,2,1,live,11:45,163858.95,2015,UT,TN2015
WFPC,2,2,live,11:45,157525.81,2015,UT,TN2015
WFPC,2,3,live,11:46,169759.57,2015,UT,TN2015
WFPC,2,kill,killed,11:46,134596.34,2015,UT,TN2015
WFPC,3,1,live,11:46,205946.04,2015,UT,TN2015
WFPC,3,2,live,11:46,215473.28,2015,UT,TN2015
WFPC,3,3,live,11:47,228899.5,2015,UT,TN2015
WFPC,3,kill,killed,11:47,116844.28,2015,UT,TN2015
WFPC,4,1,live,11:47,139201.07,2015,UT,TN2015
WFPC,4,2,live,11:47,142010.75,2015,UT,TN2015
WFPC,4,3,live,11:48,141942.14,2015,UT,TN2015
WFPC,4,kill,killed,11:48,146002.4,2015,UT,TN2015
WFPC,5,1,live,11:48,228835.39,2015,UT,TN2015
WFPC,5,2,live,11:48,227577.65,2015,UT,TN2015
WFPC,5,3,live,11:49,217693.46,2015,UT,TN2015
WFPC,5,kill,killed,11:49,206771.4,2015,UT,TN2015
WFPC,1,1,live,12:05,239459.09,2015,UT,TN2015
WFPC,1,2,live,12:05,241418.62,2015,UT,TN2015
WFPC,1,3,live,12:05,243849.37,2015,UT,TN2015
WFPC,1,kill,killed,12:05,132908.43,2015,UT,TN2015
WFPC,2,1,live,12:06,169911.15,2015,UT,TN2015
WFPC,2,2,live,12:06,167100.68,2015,UT,TN2015
WFPC,2,3,live,12:06,178949.37,2015,UT,TN2015
WFPC,2,kill,killed,12:06,137937.2,2015,UT,TN2015
WFPC,3,1,live,12:07,232009.23,2015,UT,TN2015
WFPC,3,2,live,12:07,243014.6,2015,UT,TN2015
WFPC,3,3,live,12:07,255630.31,2015,UT,TN2015
WFPC,3,kill,killed,12:07,117387.23,2015,UT,TN2015
WFPC,4,1,live,12:08,141362.46,2015,UT,TN2015
WFPC,4,2,live,12:08,144156.98,2015,UT,TN2015
WFPC,4,3,live,12:08,142896.32,2015,UT,TN2015
WFPC,4,kill,killed,12:09,145670.56,2015,UT,TN2015
WFPC,5,1,live,12:09,238397.5,2015,UT,TN2015
WFPC,5,2,live,12:09,238724.93,2015,UT,TN2015
WFPC,5,3,live,12:09,229551.15,2015,UT,TN2015
WFPC,5,kill,killed,12:09,209985.7,2015,UT,TN2015
TNRIV2,1,1,live,10:20,135007.26,2015,UT,TN2015
TNRIV2,1,2,live,10:20,138372.84,2015,UT,TN2015
TNRIV2,1,3,live,10:21,136050.79,2015,UT,TN2015
TNRIV2,1,kill,killed,10:21,132679.9,2015,UT,TN2015
TNRIV2,2,1,live,10:21,128386.6,2015,UT,TN2015
TNRIV2,2,2,live,10:22,126385.14,2015,UT,TN2015
TNRIV2,2,3,live,10:22,124364.03,2015,UT,TN2015
TNRIV2,2,kill,killed,10:22,124683.43,2015,UT,TN2015
TNRIV2,3,1,live,10:23,129713.85,2015,UT,TN2015
TNRIV2,3,2,live,10:24,126848.35,2015,UT,TN2015
TNRIV2,3,3,live,10:24,131105.75,2015,UT,TN2015
TNRIV2,3,kill,killed,10:24,111656.98,2015,UT,TN2015
TNRIV2,4,1,live,10:25,141471.04,2015,UT,TN2015
TNRIV2,4,2,live,10:26,134527.46,2015,UT,TN2015
TNRIV2,4,3,live,10:26,142368.15,2015,UT,TN2015
TNRIV2,4,kill,killed,10:26,143915.81,2015,UT,TN2015
TNRIV2,5,1,live,10:27,180671.1,2015,UT,TN2015
TNRIV2,5,2,live,10:27,187650.96,2015,UT,TN2015
TNRIV2,5,3,live,10:28,187561.34,2015,UT,TN2015
TNRIV2,5,kill,killed,10:28,180198.01,2015,UT,TN2015
TNRIV2,1,1,live,10:40,147369.35,2015,UT,TN2015
TNRIV2,1,2,live,10:40,148246.43,2015,UT,TN2015
TNRIV2,1,3,live,10:40,145310.67,2015,UT,TN2015
TNRIV2,1,kill,killed,10:40,131088.71,2015,UT,TN2015
TNRIV2,2,1,live,10:41,145384.37,2015,UT,TN2015
TNRIV2,2,2,live,10:41,144565.54,2015,UT,TN2015
TNRIV2,2,3,live,10:41,139747.59,2015,UT,TN2015
TNRIV2,2,kill,killed,10:42,131547.89,2015,UT,TN2015
TNRIV2,3,1,live,10:42,162906.85,2015,UT,TN2015
TNRIV2,3,2,live,10:42,157636.34,2015,UT,TN2015
TNRIV2,3,3,live,10:42,162084.29,2015,UT,TN2015
TNRIV2,3,kill,killed,10:43,111394.91,2015,UT,TN2015
TNRIV2,4,1,live,10:43,137116.67,2015,UT,TN2015
TNRIV2,4,2,live,10:43,132681.25,2015,UT,TN2015
TNRIV2,4,3,live,10:43,138962.01,2015,UT,TN2015
TNRIV2,4,kill,killed,10:44,139173.03,2015,UT,TN2015
TNRIV2,5,1,live,10:44,188354.31,2015,UT,TN2015
TNRIV2,5,2,live,10:44,195292.4,2015,UT,TN2015
TNRIV2,5,3,live,10:44,192860.32,2015,UT,TN2015
TNRIV2,5,kill,killed,10:44,177748.23,2015,UT,TN2015
TNRIV2,1,1,live,11:00,159141.34,2015,UT,TN2015
TNRIV2,1,2,live,11:00,160875.04,2015,UT,TN2015
TNRIV2,1,3,live,11:00,156727.73,2015,UT,TN2015
TNRIV2,1,kill,killed,11:00,131507.75,2015,UT,TN2015
TNRIV2,2,1,live,11:01,153668.56,2015,UT,TN2015
TNRIV2,2,2,live,11:01,152487.39,2015,UT,TN2015
TNRIV2,2,3,live,11:01,149586.45,2015,UT,TN2015
TNRIV2,2,kill,killed,11:01,133606.17,2015,UT,TN2015
TNRIV2,3,1,live,11:02,199670.54,2015,UT,TN2015
TNRIV2,3,2,live,11:02,194660.87,2015,UT,TN2015
TNRIV2,3,3,live,11:02,201148.68,2015,UT,TN2015
TNRIV2,3,kill,killed,11:02,110408.21,2015,UT,TN2015
TNRIV2,4,1,live,11:03,138212.42,2015,UT,TN2015
TNRIV2,4,2,live,11:03,133285.25,2015,UT,TN2015
TNRIV2,4,3,live,11:03,139535.1,2015,UT,TN2015
TNRIV2,4,kill,killed,11:04,136578.4,2015,UT,TN2015
TNRIV2,5,1,live,11:04,198625.89,2015,UT,TN2015
TNRIV2,5,2,live,11:04,203792.95,2015,UT,TN2015
TNRIV2,5,3,live,11:04,203223.64,2015,UT,TN2015
TNRIV2,5,kill,killed,11:05,177950.46,2015,UT,TN2015
TNRIV2,1,1,live,11:20,168801.2,2015,UT,TN2015
TNRIV2,1,2,live,11:20,172330.21,2015,UT,TN2015
TNRIV2,1,3,live,11:20,168670.64,2015,UT,TN2015
TNRIV2,1,kill,killed,11:21,132816.64,2015,UT,TN2015
TNRIV2,2,1,live,11:21,163194.82,2015,UT,TN2015
TNRIV2,2,2,live,11:21,164082.6,2015,UT,TN2015
TNRIV2,2,3,live,11:22,159680.43,2015,UT,TN2015
TNRIV2,2,kill,killed,11:22,136018.06,2015,UT,TN2015
TNRIV2,3,1,live,11:22,241379.96,2015,UT,TN2015
TNRIV2,3,2,live,11:22,229822.9,2015,UT,TN2015
TNRIV2,3,3,live,11:23,237895.71,2015,UT,TN2015
TNRIV2,3,kill,killed,11:23,111897.35,2015,UT,TN2015
TNRIV2,4,1,live,11:23,139141.54,2015,UT,TN2015
TNRIV2,4,2,live,11:23,134470.1,2015,UT,TN2015
TNRIV2,4,3,live,11:24,139936.56,2015,UT,TN2015
TNRIV2,4,kill,killed,11:24,138086.21,2015,UT,TN2015
TNRIV2,5,1,live,11:24,208489.51,2015,UT,TN2015
TNRIV2,5,2,live,11:25,214150.87,2015,UT,TN2015
TNRIV2,5,3,live,11:25,212010.2,2015,UT,TN2015
TNRIV2,5,kill,killed,11:25,176986.1,2015,UT,TN2015
TNRIV2,1,1,live,11:40,182289.4,2015,UT,TN2015
TNRIV2,1,2,live,11:40,181228.37,2015,UT,TN2015
TNRIV2,1,3,live,11:40,178844.32,2015,UT,TN2015
TNRIV2,1,kill,killed,11:40,132080.07,2015,UT,TN2015
TNRIV2,2,1,live,11:40,172400.39,2015,UT,TN2015
TNRIV2,2,2,live,11:40,171098.71,2015,UT,TN2015
TNRIV2,2,3,live,11:41,166019.98,2015,UT,TN2015
TNRIV2,2,kill,killed,11:41,137644.93,2015,UT,TN2015
TNRIV2,3,1,live,11:41,276465.21,2015,UT,TN2015
TNRIV2,3,2,live,11:41,265297.87,2015,UT,TN2015
TNRIV2,3,3,live,11:42,273470.96,2015,UT,TN2015
TNRIV2,3,kill,killed,11:42,112178.26,2015,UT,TN2015
TNRIV2,4,1,live,11:42,138559.96,2015,UT,TN2015
TNRIV2,4,2,live,11:42,136651.43,2015,UT,TN2015
TNRIV2,4,3,live,11:43,141465.4,2015,UT,TN2015
TNRIV2,4,kill,killed,11:43,137571.78,2015,UT,TN2015
TNRIV2,5,1,live,11:43,218409.75,2015,UT,TN2015
TNRIV2,5,2,live,11:43,223011.87,2015,UT,TN2015
TNRIV2,5,3,live,11:44,223443.18,2015,UT,TN2015
TNRIV2,5,kill,killed,11:44,180144.15,2015,UT,TN2015
TNRIV2,1,1,live,12:00,192661.29,2015,UT,TN2015
TNRIV2,1,2,live,12:00,191699.6,2015,UT,TN2015
TNRIV2,1,3,live,12:00,191097.68,2015,UT,TN2015
TNRIV2,1,kill,killed,12:00,132786.67,2015,UT,TN2015
TNRIV2,2,1,live,12:00,175606.39,2015,UT,TN2015
TNRIV2,2,2,live,12:01,179735.9,2015,UT,TN2015
TNRIV2,2,3,live,12:01,174025.76,2015,UT,TN2015
TNRIV2,2,kill,killed,12:01,141316.04,2015,UT,TN2015
TNRIV2,3,1,live,12:01,306758.21,2015,UT,TN2015
TNRIV2,3,2,live,12:02,304416.65,2015,UT,TN2015
TNRIV2,3,3,live,12:02,315912.53,2015,UT,TN2015
TNRIV2,3,kill,killed,12:02,112147.53,2015,UT,TN2015
TNRIV2,4,1,live,12:03,140291.84,2015,UT,TN2015
TNRIV2,4,2,live,12:03,137304.25,2015,UT,TN2015
TNRIV2,4,3,live,12:03,145030.01,2015,UT,TN2015
TNRIV2,4,kill,killed,12:03,137337.7,2015,UT,TN2015
TNRIV2,5,1,live,12:04,230922.23,2015,UT,TN2015
TNRIV2,5,2,live,12:04,234602.37,2015,UT,TN2015
TNRIV2,5,3,live,12:04,235603.62,2015,UT,TN2015
TNRIV2,5,kill,killed,12:04,179885.65,2015,UT,TN2015
EASTMAN,1,1,live,10:20,138837.5,2015,UT,TN2015
EASTMAN,1,2,live,10:20,135164.48,2015,UT,TN2015
EASTMAN,1,3,live,10:21,141555.12,2015,UT,TN2015
EASTMAN,1,kill,killed,10:21,136077.79,2015,UT,TN2015
EASTMAN,2,1,live,10:21,121138.57,2015,UT,TN2015
EASTMAN,2,2,live,10:22,123004.23,2015,UT,TN2015
EASTMAN,2,3,live,10:22,143400.71,2015,UT,TN2015
EASTMAN,2,kill,killed,10:22,127933.1,2015,UT,TN2015
EASTMAN,3,1,live,10:23,114677.16,2015,UT,TN2015
EASTMAN,3,2,live,10:24,115592.67,2015,UT,TN2015
EASTMAN,3,3,live,10:24,112946,2015,UT,TN2015
EASTMAN,3,kill,killed,10:24,104695.76,2015,UT,TN2015
EASTMAN,4,1,live,10:25,135908.28,2015,UT,TN2015
EASTMAN,4,2,live,10:26,140585.92,2015,UT,TN2015
EASTMAN,4,3,live,10:26,160971.59,2015,UT,TN2015
EASTMAN,4,kill,killed,10:26,149499.76,2015,UT,TN2015
EASTMAN,5,1,live,10:27,238450.56,2015,UT,TN2015
EASTMAN,5,2,live,10:27,240542.56,2015,UT,TN2015
EASTMAN,5,3,live,10:28,238485.4,2015,UT,TN2015
EASTMAN,5,kill,killed,10:28,220227.93,2015,UT,TN2015
EASTMAN,1,1,live,10:40,141356.2,2015,UT,TN2015
EASTMAN,1,2,live,10:40,137195.53,2015,UT,TN2015
EASTMAN,1,3,live,10:40,145304.56,2015,UT,TN2015
EASTMAN,1,kill,killed,10:40,134206.53,2015,UT,TN2015
EASTMAN,2,1,live,10:41,135850.51,2015,UT,TN2015
EASTMAN,2,2,live,10:41,137652.54,2015,UT,TN2015
EASTMAN,2,3,live,10:41,155151.5,2015,UT,TN2015
EASTMAN,2,kill,killed,10:42,131970.59,2015,UT,TN2015
EASTMAN,3,1,live,10:42,125240.03,2015,UT,TN2015
EASTMAN,3,2,live,10:42,126719.74,2015,UT,TN2015
EASTMAN,3,3,live,10:42,124398.71,2015,UT,TN2015
EASTMAN,3,kill,killed,10:43,104737.3,2015,UT,TN2015
EASTMAN,4,1,live,10:43,128337.79,2015,UT,TN2015
EASTMAN,4,2,live,10:43,136458.15,2015,UT,TN2015
EASTMAN,4,3,live,10:43,147609.17,2015,UT,TN2015
EASTMAN,4,kill,killed,10:44,141945.65,2015,UT,TN2015
EASTMAN,5,1,live,10:44,237635.03,2015,UT,TN2015
EASTMAN,5,2,live,10:44,242947.25,2015,UT,TN2015
EASTMAN,5,3,live,10:44,246063.39,2015,UT,TN2015
EASTMAN,5,kill,killed,10:44,220442.31,2015,UT,TN2015
EASTMAN,1,1,live,11:00,146214.87,2015,UT,TN2015
EASTMAN,1,2,live,11:00,141188.51,2015,UT,TN2015
EASTMAN,1,3,live,11:00,149207.9,2015,UT,TN2015
EASTMAN,1,kill,killed,11:00,133794.65,2015,UT,TN2015
EASTMAN,2,1,live,11:01,142720.82,2015,UT,TN2015
EASTMAN,2,2,live,11:01,144235.51,2015,UT,TN2015
EASTMAN,2,3,live,11:01,160957.81,2015,UT,TN2015
EASTMAN,2,kill,killed,11:01,133488.96,2015,UT,TN2015
EASTMAN,3,1,live,11:02,136386.76,2015,UT,TN2015
EASTMAN,3,2,live,11:02,136625.57,2015,UT,TN2015
EASTMAN,3,3,live,11:02,135653.9,2015,UT,TN2015
EASTMAN,3,kill,killed,11:02,104177.25,2015,UT,TN2015
EASTMAN,4,1,live,11:03,127400.28,2015,UT,TN2015
EASTMAN,4,2,live,11:03,136915.39,2015,UT,TN2015
EASTMAN,4,3,live,11:03,145575.57,2015,UT,TN2015
EASTMAN,4,kill,killed,11:04,140346.93,2015,UT,TN2015
EASTMAN,5,1,live,11:04,243000.17,2015,UT,TN2015
EASTMAN,5,2,live,11:04,249920.1,2015,UT,TN2015
EASTMAN,5,3,live,11:04,249348.57,2015,UT,TN2015
EASTMAN,5,kill,killed,11:05,219737.07,2015,UT,TN2015
EASTMAN,1,1,live,11:20,151211.09,2015,UT,TN2015
EASTMAN,1,2,live,11:20,142831.15,2015,UT,TN2015
EASTMAN,1,3,live,11:20,151849.48,2015,UT,TN2015
EASTMAN,1,kill,killed,11:21,134401.34,2015,UT,TN2015
EASTMAN,2,1,live,11:21,148561.95,2015,UT,TN2015
EASTMAN,2,2,live,11:21,151450.12,2015,UT,TN2015
EASTMAN,2,3,live,11:22,168506.23,2015,UT,TN2015
EASTMAN,2,kill,killed,11:22,135359.76,2015,UT,TN2015
EASTMAN,3,1,live,11:22,148040.48,2015,UT,TN2015
EASTMAN,3,2,live,11:22,150158.28,2015,UT,TN2015
EASTMAN,3,3,live,11:23,148238.17,2015,UT,TN2015
EASTMAN,3,kill,killed,11:23,106017.14,2015,UT,TN2015
EASTMAN,4,1,live,11:23,128705.07,2015,UT,TN2015
EASTMAN,4,2,live,11:23,136896.2,2015,UT,TN2015
EASTMAN,4,3,live,11:24,144808,2015,UT,TN2015
EASTMAN,4,kill,killed,11:24,141547.48,2015,UT,TN2015
EASTMAN,5,1,live,11:24,249573.68,2015,UT,TN2015
EASTMAN,5,2,live,11:25,254877.17,2015,UT,TN2015
EASTMAN,5,3,live,11:25,254955.09,2015,UT,TN2015
EASTMAN,5,kill,killed,11:25,218722.01,2015,UT,TN2015
EASTMAN,1,1,live,11:40,155446.92,2015,UT,TN2015
EASTMAN,1,2,live,11:40,148377.76,2015,UT,TN2015
EASTMAN,1,3,live,11:40,156613.96,2015,UT,TN2015
EASTMAN,1,kill,killed,11:40,134218.81,2015,UT,TN2015
EASTMAN,2,1,live,11:40,157250.62,2015,UT,TN2015
EASTMAN,2,2,live,11:40,160359.35,2015,UT,TN2015
EASTMAN,2,3,live,11:41,178662.46,2015,UT,TN2015
EASTMAN,2,kill,killed,11:41,139289.15,2015,UT,TN2015
EASTMAN,3,1,live,11:41,161185.54,2015,UT,TN2015
EASTMAN,3,2,live,11:41,164707.03,2015,UT,TN2015
EASTMAN,3,3,live,11:42,163220.53,2015,UT,TN2015
EASTMAN,3,kill,killed,11:42,105497.67,2015,UT,TN2015
EASTMAN,4,1,live,11:42,128594.19,2015,UT,TN2015
EASTMAN,4,2,live,11:42,138935.45,2015,UT,TN2015
EASTMAN,4,3,live,11:43,145974.32,2015,UT,TN2015
EASTMAN,4,kill,killed,11:43,139033.45,2015,UT,TN2015
EASTMAN,5,1,live,11:43,257753.56,2015,UT,TN2015
EASTMAN,5,2,live,11:43,257913.31,2015,UT,TN2015
EASTMAN,5,3,live,11:44,261942.95,2015,UT,TN2015
EASTMAN,5,kill,killed,11:44,221066.56,2015,UT,TN2015
EASTMAN,1,1,live,12:00,159725.79,2015,UT,TN2015
EASTMAN,1,2,live,12:00,154321.6,2015,UT,TN2015
EASTMAN,1,3,live,12:00,162475.87,2015,UT,TN2015
EASTMAN,1,kill,killed,12:00,135527.6,2015,UT,TN2015
EASTMAN,2,1,live,12:00,165138.12,2015,UT,TN2015
EASTMAN,2,2,live,12:01,166764.23,2015,UT,TN2015
EASTMAN,2,3,live,12:01,188512.84,2015,UT,TN2015
EASTMAN,2,kill,killed,12:01,139962.25,2015,UT,TN2015
EASTMAN,3,1,live,12:01,174085.15,2015,UT,TN2015
EASTMAN,3,2,live,12:02,180594.62,2015,UT,TN2015
EASTMAN,3,3,live,12:02,177230.95,2015,UT,TN2015
EASTMAN,3,kill,killed,12:02,106397.95,2015,UT,TN2015
EASTMAN,4,1,live,12:03,129722.48,2015,UT,TN2015
EASTMAN,4,2,live,12:03,140083.01,2015,UT,TN2015
EASTMAN,4,3,live,12:03,145373.73,2015,UT,TN2015
EASTMAN,4,kill,killed,12:03,141166.75,2015,UT,TN2015
EASTMAN,5,1,live,12:04,259672.42,2015,UT,TN2015
EASTMAN,5,2,live,12:04,265021.06,2015,UT,TN2015
EASTMAN,5,3,live,12:04,263695.65,2015,UT,TN2015
EASTMAN,5,kill,killed,12:04,221345.81,2015,UT,TN2015
IJAMS,1,1,live,10:29,139082.79,2015,UT,TN2015
IJAMS,1,2,live,10:29,139986.39,2015,UT,TN2015
IJAMS,1,3,live,10:29,138458.04,2015,UT,TN2015
IJAMS,1,kill,killed,10:29,136618.09,2015,UT,TN2015
IJAMS,2,1,live,10:30,188339.46,2015,UT,TN2015
IJAMS,2,2,live,10:30,186944,2015,UT,TN2015
IJAMS,2,3,live,10:30,129146.85,2015,UT,TN2015
IJAMS,2,kill,killed,10:31,137882.71,2015,UT,TN2015
IJAMS,3,1,live,10:31,116387.03,2015,UT,TN2015
IJAMS,3,2,live,10:32,119820.28,2015,UT,TN2015
IJAMS,3,3,live,10:32,119439.25,2015,UT,TN2015
IJAMS,3,kill,killed,10:32,112059.04,2015,UT,TN2015
IJAMS,4,1,live,10:32,149587.17,2015,UT,TN2015
IJAMS,4,2,live,10:33,147623.03,2015,UT,TN2015
IJAMS,4,3,live,10:33,142280.71,2015,UT,TN2015
IJAMS,4,kill,killed,10:33,153249.46,2015,UT,TN2015
IJAMS,5,1,live,10:34,224194.62,2015,UT,TN2015
IJAMS,5,2,live,10:34,235629.79,2015,UT,TN2015
IJAMS,5,3,live,10:35,226124.29,2015,UT,TN2015
IJAMS,5,kill,killed,10:35,238144.92,2015,UT,TN2015
IJAMS,1,1,live,10:45,140224.04,2015,UT,TN2015
IJAMS,1,2,live,10:45,141054.68,2015,UT,TN2015
IJAMS,1,3,live,10:46,140766.31,2015,UT,TN2015
IJAMS,1,kill,killed,10:46,136606.9,2015,UT,TN2015
IJAMS,2,1,live,10:46,189035.14,2015,UT,TN2015
IJAMS,2,2,live,10:46,193639.64,2015,UT,TN2015
IJAMS,2,3,live,10:47,134304.87,2015,UT,TN2015
IJAMS,2,kill,killed,10:47,139870.87,2015,UT,TN2015
IJAMS,3,1,live,10:47,126548.62,2015,UT,TN2015
IJAMS,3,2,live,10:47,129644.59,2015,UT,TN2015
IJAMS,3,3,live,10:47,129969.4,2015,UT,TN2015
IJAMS,3,kill,killed,10:48,112544.95,2015,UT,TN2015
IJAMS,4,1,live,10:48,138249.71,2015,UT,TN2015
IJAMS,4,2,live,10:48,137951.87,2015,UT,TN2015
IJAMS,4,3,live,10:48,138795.62,2015,UT,TN2015
IJAMS,4,kill,killed,10:49,148019.31,2015,UT,TN2015
IJAMS,5,1,live,10:49,226782.71,2015,UT,TN2015
IJAMS,5,2,live,10:49,237686.75,2015,UT,TN2015
IJAMS,5,3,live,10:49,227625.1,2015,UT,TN2015
IJAMS,5,kill,killed,10:50,237137.1,2015,UT,TN2015
IJAMS,1,1,live,11:05,144066.92,2015,UT,TN2015
IJAMS,1,2,live,11:05,143885,2015,UT,TN2015
IJAMS,1,3,live,11:05,142534.6,2015,UT,TN2015
IJAMS,1,kill,killed,11:06,136345.87,2015,UT,TN2015
IJAMS,2,1,live,11:06,193760.06,2015,UT,TN2015
IJAMS,2,2,live,11:06,194157.65,2015,UT,TN2015
IJAMS,2,3,live,11:07,139994.39,2015,UT,TN2015
IJAMS,2,kill,killed,11:07,143237.56,2015,UT,TN2015
IJAMS,3,1,live,11:07,142051.51,2015,UT,TN2015
IJAMS,3,2,live,11:07,145451.23,2015,UT,TN2015
IJAMS,3,3,live,11:08,146366.85,2015,UT,TN2015
IJAMS,3,kill,killed,11:08,113532.54,2015,UT,TN2015
IJAMS,4,1,live,11:08,137127.35,2015,UT,TN2015
IJAMS,4,2,live,11:08,140172.46,2015,UT,TN2015
IJAMS,4,3,live,11:08,139110.45,2015,UT,TN2015
IJAMS,4,kill,killed,11:09,145121.51,2015,UT,TN2015
IJAMS,5,1,live,11:09,227715.17,2015,UT,TN2015
IJAMS,5,2,live,11:10,234115.68,2015,UT,TN2015
IJAMS,5,3,live,11:10,225767.67,2015,UT,TN2015
IJAMS,5,kill,killed,11:10,235243.57,2015,UT,TN2015
IJAMS,1,1,live,11:25,146809.31,2015,UT,TN2015
IJAMS,1,2,live,11:26,146646.71,2015,UT,TN2015
IJAMS,1,3,live,11:26,148368.95,2015,UT,TN2015
IJAMS,1,kill,killed,11:26,137612.64,2015,UT,TN2015
IJAMS,2,1,live,11:26,196319.26,2015,UT,TN2015
IJAMS,2,2,live,11:26,201269.73,2015,UT,TN2015
IJAMS,2,3,live,11:27,147628.31,2015,UT,TN2015
IJAMS,2,kill,killed,11:27,145328.03,2015,UT,TN2015
IJAMS,3,1,live,11:27,160086.31,2015,UT,TN2015
IJAMS,3,2,live,11:28,172921.62,2015,UT,TN2015
IJAMS,3,3,live,11:28,165396.5,2015,UT,TN2015
IJAMS,3,kill,killed,11:28,112703.8,2015,UT,TN2015
IJAMS,4,1,live,11:28,139434.85,2015,UT,TN2015
IJAMS,4,2,live,11:29,138246.75,2015,UT,TN2015
IJAMS,4,3,live,11:29,141248.37,2015,UT,TN2015
IJAMS,4,kill,killed,11:29,143832.45,2015,UT,TN2015
IJAMS,5,1,live,11:29,227897.76,2015,UT,TN2015
IJAMS,5,2,live,11:30,241980.54,2015,UT,TN2015
IJAMS,5,3,live,11:30,230776.35,2015,UT,TN2015
IJAMS,5,kill,killed,11:30,238534.01,2015,UT,TN2015
IJAMS,1,1,live,11:44,152445.29,2015,UT,TN2015
IJAMS,1,2,live,11:44,151726.62,2015,UT,TN2015
IJAMS,1,3,live,11:44,154216.25,2015,UT,TN2015
IJAMS,1,kill,killed,11:45,137715.48,2015,UT,TN2015
IJAMS,2,1,live,11:45,212202.9,2015,UT,TN2015
IJAMS,2,2,live,11:45,216065.85,2015,UT,TN2015
IJAMS,2,3,live,11:46,154609.96,2015,UT,TN2015
IJAMS,2,kill,killed,11:46,149813.48,2015,UT,TN2015
IJAMS,3,1,live,11:46,171492.64,2015,UT,TN2015
IJAMS,3,2,live,11:46,189188.89,2015,UT,TN2015
IJAMS,3,3,live,11:47,182163.54,2015,UT,TN2015
IJAMS,3,kill,killed,11:47,114758.82,2015,UT,TN2015
IJAMS,4,1,live,11:47,139711.82,2015,UT,TN2015
IJAMS,4,2,live,11:47,141047.34,2015,UT,TN2015
IJAMS,4,3,live,11:48,141880.71,2015,UT,TN2015
IJAMS,4,kill,killed,11:48,144876.14,2015,UT,TN2015
IJAMS,5,1,live,11:48,229247.07,2015,UT,TN2015
IJAMS,5,2,live,11:48,241014.59,2015,UT,TN2015
IJAMS,5,3,live,11:49,231686.71,2015,UT,TN2015
IJAMS,5,kill,killed,11:49,234883.81,2015,UT,TN2015
IJAMS,1,1,live,12:05,153675.06,2015,UT,TN2015
IJAMS,1,2,live,12:05,155675.18,2015,UT,TN2015
IJAMS,1,3,live,12:05,156817.5,2015,UT,TN2015
IJAMS,1,kill,killed,12:05,140866.06,2015,UT,TN2015
IJAMS,2,1,live,12:06,217200.62,2015,UT,TN2015
IJAMS,2,2,live,12:06,219673.78,2015,UT,TN2015
IJAMS,2,3,live,12:06,153775.35,2015,UT,TN2015
IJAMS,2,kill,killed,12:06,150892.25,2015,UT,TN2015
IJAMS,3,1,live,12:07,186341.59,2015,UT,TN2015
IJAMS,3,2,live,12:07,205189.28,2015,UT,TN2015
IJAMS,3,3,live,12:07,200710.85,2015,UT,TN2015
IJAMS,3,kill,killed,12:07,113596.63,2015,UT,TN2015
IJAMS,4,1,live,12:08,139000.54,2015,UT,TN2015
IJAMS,4,2,live,12:08,139893.57,2015,UT,TN2015
IJAMS,4,3,live,12:08,141781.21,2015,UT,TN2015
IJAMS,4,kill,killed,12:09,144191.1,2015,UT,TN2015
IJAMS,5,1,live,12:09,230245.54,2015,UT,TN2015
IJAMS,5,2,live,12:09,243688.93,2015,UT,TN2015
IJAMS,5,3,live,12:09,233013.51,2015,UT,TN2015
IJAMS,5,kill,killed,12:09,236410.12,2015,UT,TN2015
WATERPLANT,1,1,live,10:29,146618.84,2015,UT,TN2015
WATERPLANT,1,2,live,10:29,145775.07,2015,UT,TN2015
WATERPLANT,1,3,live,10:29,144975.64,2015,UT,TN2015
WATERPLANT,1,kill,killed,10:29,130756.57,2015,UT,TN2015
WATERPLANT,2,1,live,10:30,133216.95,2015,UT,TN2015
WATERPLANT,2,2,live,10:30,126823.84,2015,UT,TN2015
WATERPLANT,2,3,live,10:30,139060.92,2015,UT,TN2015
WATERPLANT,2,kill,killed,10:31,126357.78,2015,UT,TN2015
WATERPLANT,3,1,live,10:31,121106.77,2015,UT,TN2015
WATERPLANT,3,2,live,10:32,127959.18,2015,UT,TN2015
WATERPLANT,3,3,live,10:32,131546.98,2015,UT,TN2015
WATERPLANT,3,kill,killed,10:32,113176.78,2015,UT,TN2015
WATERPLANT,4,1,live,10:32,138567.92,2015,UT,TN2015
WATERPLANT,4,2,live,10:33,143843.64,2015,UT,TN2015
WATERPLANT,4,3,live,10:33,139344.78,2015,UT,TN2015
WATERPLANT,4,kill,killed,10:33,154829.01,2015,UT,TN2015
WATERPLANT,5,1,live,10:34,192566.82,2015,UT,TN2015
WATERPLANT,5,2,live,10:34,189834.12,2015,UT,TN2015
WATERPLANT,5,3,live,10:35,180983.57,2015,UT,TN2015
WATERPLANT,5,kill,killed,10:35,199960.71,2015,UT,TN2015
WATERPLANT,1,1,live,10:45,163054.64,2015,UT,TN2015
WATERPLANT,1,2,live,10:45,160763.45,2015,UT,TN2015
WATERPLANT,1,3,live,10:46,160651.29,2015,UT,TN2015
WATERPLANT,1,kill,killed,10:46,129406.67,2015,UT,TN2015
WATERPLANT,2,1,live,10:46,141061.78,2015,UT,TN2015
WATERPLANT,2,2,live,10:46,133400.71,2015,UT,TN2015
WATERPLANT,2,3,live,10:47,147069.34,2015,UT,TN2015
WATERPLANT,2,kill,killed,10:47,129210.82,2015,UT,TN2015
WATERPLANT,3,1,live,10:47,136777.06,2015,UT,TN2015
WATERPLANT,3,2,live,10:47,145373.62,2015,UT,TN2015
WATERPLANT,3,3,live,10:47,149431.81,2015,UT,TN2015
WATERPLANT,3,kill,killed,10:48,114941.8,2015,UT,TN2015
WATERPLANT,4,1,live,10:48,135921.51,2015,UT,TN2015
WATERPLANT,4,2,live,10:48,139757.64,2015,UT,TN2015
WATERPLANT,4,3,live,10:48,137455.47,2015,UT,TN2015
WATERPLANT,4,kill,killed,10:49,148250.45,2015,UT,TN2015
WATERPLANT,5,1,live,10:49,196860.73,2015,UT,TN2015
WATERPLANT,5,2,live,10:49,196332.64,2015,UT,TN2015
WATERPLANT,5,3,live,10:49,188004.53,2015,UT,TN2015
WATERPLANT,5,kill,killed,10:50,195162.23,2015,UT,TN2015
WATERPLANT,1,1,live,11:05,183187.28,2015,UT,TN2015
WATERPLANT,1,2,live,11:05,181043.06,2015,UT,TN2015
WATERPLANT,1,3,live,11:05,180886.03,2015,UT,TN2015
WATERPLANT,1,kill,killed,11:06,130019.99,2015,UT,TN2015
WATERPLANT,2,1,live,11:06,148441.51,2015,UT,TN2015
WATERPLANT,2,2,live,11:06,142838.96,2015,UT,TN2015
WATERPLANT,2,3,live,11:07,155435.48,2015,UT,TN2015
WATERPLANT,2,kill,killed,11:07,131765.18,2015,UT,TN2015
WATERPLANT,3,1,live,11:07,158634.48,2015,UT,TN2015
WATERPLANT,3,2,live,11:07,168338.07,2015,UT,TN2015
WATERPLANT,3,3,live,11:08,175359.75,2015,UT,TN2015
WATERPLANT,3,kill,killed,11:08,114748.96,2015,UT,TN2015
WATERPLANT,4,1,live,11:08,136311.21,2015,UT,TN2015
WATERPLANT,4,2,live,11:08,139938.54,2015,UT,TN2015
WATERPLANT,4,3,live,11:08,139216.48,2015,UT,TN2015
WATERPLANT,4,kill,killed,11:09,148304.29,2015,UT,TN2015
WATERPLANT,5,1,live,11:09,207865.48,2015,UT,TN2015
WATERPLANT,5,2,live,11:10,207037.32,2015,UT,TN2015
WATERPLANT,5,3,live,11:10,199603.09,2015,UT,TN2015
WATERPLANT,5,kill,killed,11:10,197191.78,2015,UT,TN2015
WATERPLANT,1,1,live,11:25,200576.87,2015,UT,TN2015
WATERPLANT,1,2,live,11:26,201629.95,2015,UT,TN2015
WATERPLANT,1,3,live,11:26,201088.71,2015,UT,TN2015
WATERPLANT,1,kill,killed,11:26,132196.54,2015,UT,TN2015
WATERPLANT,2,1,live,11:26,156335.01,2015,UT,TN2015
WATERPLANT,2,2,live,11:26,150264.26,2015,UT,TN2015
WATERPLANT,2,3,live,11:27,164399.35,2015,UT,TN2015
WATERPLANT,2,kill,killed,11:27,132902.29,2015,UT,TN2015
WATERPLANT,3,1,live,11:27,183393.04,2015,UT,TN2015
WATERPLANT,3,2,live,11:28,193246.87,2015,UT,TN2015
WATERPLANT,3,3,live,11:28,203108.73,2015,UT,TN2015
WATERPLANT,3,kill,killed,11:28,116900.6,2015,UT,TN2015
WATERPLANT,4,1,live,11:28,137083.64,2015,UT,TN2015
WATERPLANT,4,2,live,11:29,140701.75,2015,UT,TN2015
WATERPLANT,4,3,live,11:29,139982.07,2015,UT,TN2015
WATERPLANT,4,kill,killed,11:29,147204.53,2015,UT,TN2015
WATERPLANT,5,1,live,11:29,214343.68,2015,UT,TN2015
WATERPLANT,5,2,live,11:30,217616.51,2015,UT,TN2015
WATERPLANT,5,3,live,11:30,209342.2,2015,UT,TN2015
WATERPLANT,5,kill,killed,11:30,201953.21,2015,UT,TN2015
WATERPLANT,1,1,live,11:44,221964.07,2015,UT,TN2015
WATERPLANT,1,2,live,11:44,218881.48,2015,UT,TN2015
WATERPLANT,1,3,live,11:44,219074.04,2015,UT,TN2015
WATERPLANT,1,kill,killed,11:45,131333.68,2015,UT,TN2015
WATERPLANT,2,1,live,11:45,163858.95,2015,UT,TN2015
WATERPLANT,2,2,live,11:45,157525.81,2015,UT,TN2015
WATERPLANT,2,3,live,11:46,169759.57,2015,UT,TN2015
WATERPLANT,2,kill,killed,11:46,134596.34,2015,UT,TN2015
WATERPLANT,3,1,live,11:46,205946.04,2015,UT,TN2015
WATERPLANT,3,2,live,11:46,215473.28,2015,UT,TN2015
WATERPLANT,3,3,live,11:47,228899.5,2015,UT,TN2015
WATERPLANT,3,kill,killed,11:47,116844.28,2015,UT,TN2015
WATERPLANT,4,1,live,11:47,139201.07,2015,UT,TN2015
WATERPLANT,4,2,live,11:47,142010.75,2015,UT,TN2015
WATERPLANT,4,3,live,11:48,141942.14,2015,UT,TN2015
WATERPLANT,4,kill,killed,11:48,146002.4,2015,UT,TN2015
WATERPLANT,5,1,live,11:48,228835.39,2015,UT,TN2015
WATERPLANT,5,2,live,11:48,227577.65,2015,UT,TN2015
WATERPLANT,5,3,live,11:49,217693.46,2015,UT,TN2015
WATERPLANT,5,kill,killed,11:49,206771.4,2015,UT,TN2015
WATERPLANT,1,1,live,12:05,239459.09,2015,UT,TN2015
WATERPLANT,1,2,live,12:05,241418.62,2015,UT,TN2015
WATERPLANT,1,3,live,12:05,243849.37,2015,UT,TN2015
WATERPLANT,1,kill,killed,12:05,132908.43,2015,UT,TN2015
WATERPLANT,2,1,live,12:06,169911.15,2015,UT,TN2015
WATERPLANT,2,2,live,12:06,167100.68,2015,UT,TN2015
WATERPLANT,2,3,live,12:06,178949.37,2015,UT,TN2015
WATERPLANT,2,kill,killed,12:06,137937.2,2015,UT,TN2015
WATERPLANT,3,1,live,12:07,232009.23,2015,UT,TN2015
WATERPLANT,3,2,live,12:07,243014.6,2015,UT,TN2015
WATERPLANT,3,3,live,12:07,255630.31,2015,UT,TN2015
WATERPLANT,3,kill,killed,12:07,117387.23,2015,UT,TN2015
WATERPLANT,4,1,live,12:08,141362.46,2015,UT,TN2015
WATERPLANT,4,2,live,12:08,144156.98,2015,UT,TN2015
WATERPLANT,4,3,live,12:08,142896.32,2015,UT,TN2015
WATERPLANT,4,kill,killed,12:09,145670.56,2015,UT,TN2015
WATERPLANT,5,1,live,12:09,238397.5,2015,UT,TN2015
WATERPLANT,5,2,live,12:09,238724.93,2015,UT,TN2015
WATERPLANT,5,3,live,12:09,229551.15,2015,UT,TN2015
WATERPLANT,5,kill,killed,12:09,209985.7,2015,UT,TN2015
LECONTEMID,1,1,live,14:28,138896.03,2015,UT,TN2015
LECONTEMID,1,2,live,14:28,133276.2,2015,UT,TN2015
LECONTEMID,1,3,live,14:29,136950.68,2015,UT,TN2015
LECONTEMID,1,kill,killed,14:29,134945.23,2015,UT,TN2015
LECONTEMID,2,1,live,14:29,114430.58,2015,UT,TN2015
LECONTEMID,2,2,live,14:29,116090.18,2015,UT,TN2015
LECONTEMID,2,3,live,14:30,119900.28,2015,UT,TN2015
LECONTEMID,2,kill,killed,14:30,116646.38,2015,UT,TN2015
LECONTEMID,3,1,live,14:30,104144.26,2015,UT,TN2015
LECONTEMID,3,2,live,14:30,104614.8,2015,UT,TN2015
LECONTEMID,3,3,live,14:30,105183.23,2015,UT,TN2015
LECONTEMID,3,kill,killed,14:31,101042.52,2015,UT,TN2015
LECONTEMID,4,1,live,14:31,133974.29,2015,UT,TN2015
LECONTEMID,4,2,live,14:31,135742.03,2015,UT,TN2015
LECONTEMID,4,3,live,14:31,129283.5,2015,UT,TN2015
LECONTEMID,4,kill,killed,14:32,126267.96,2015,UT,TN2015
LECONTEMID,5,1,live,14:32,213222.51,2015,UT,TN2015
LECONTEMID,5,2,live,14:32,216160.31,2015,UT,TN2015
LECONTEMID,5,3,live,14:32,215637.12,2015,UT,TN2015
LECONTEMID,5,kill,killed,14:33,211596.17,2015,UT,TN2015
LECONTEMID,1,1,live,14:45,136500.73,2015,UT,TN2015
LECONTEMID,1,2,live,14:45,139476.29,2015,UT,TN2015
LECONTEMID,1,3,live,14:45,136149.29,2015,UT,TN2015
LECONTEMID,1,kill,killed,14:46,135391.75,2015,UT,TN2015
LECONTEMID,2,1,live,14:46,135103.65,2015,UT,TN2015
LECONTEMID,2,2,live,14:46,129861.93,2015,UT,TN2015
LECONTEMID,2,3,live,14:46,130178.07,2015,UT,TN2015
LECONTEMID,2,kill,killed,14:47,123999.71,2015,UT,TN2015
LECONTEMID,3,1,live,14:47,104623.35,2015,UT,TN2015
LECONTEMID,3,2,live,14:47,105225.85,2015,UT,TN2015
LECONTEMID,3,3,live,14:48,104816.7,2015,UT,TN2015
LECONTEMID,3,kill,killed,14:48,104006.8,2015,UT,TN2015
LECONTEMID,4,1,live,14:48,129648.23,2015,UT,TN2015
LECONTEMID,4,2,live,14:49,130661.6,2015,UT,TN2015
LECONTEMID,4,3,live,14:49,123764.56,2015,UT,TN2015
LECONTEMID,4,kill,killed,14:50,122562.09,2015,UT,TN2015
LECONTEMID,5,1,live,14:50,216775.23,2015,UT,TN2015
LECONTEMID,5,2,live,14:50,219225.85,2015,UT,TN2015
LECONTEMID,5,3,live,14:51,220713.35,2015,UT,TN2015
LECONTEMID,5,kill,killed,14:51,209873.06,2015,UT,TN2015
LECONTEMID,1,1,live,15:01,135772.12,2015,UT,TN2015
LECONTEMID,1,2,live,15:01,140369.64,2015,UT,TN2015
LECONTEMID,1,3,live,15:02,136909.07,2015,UT,TN2015
LECONTEMID,1,kill,killed,15:02,134344.76,2015,UT,TN2015
LECONTEMID,2,1,live,15:03,137122.43,2015,UT,TN2015
LECONTEMID,2,2,live,15:03,132242.57,2015,UT,TN2015
LECONTEMID,2,3,live,15:03,133271.7,2015,UT,TN2015
LECONTEMID,2,kill,killed,15:04,125482.17,2015,UT,TN2015
LECONTEMID,3,1,live,15:04,105352.68,2015,UT,TN2015
LECONTEMID,3,2,live,15:05,107381.57,2015,UT,TN2015
LECONTEMID,3,3,live,15:05,105041.28,2015,UT,TN2015
LECONTEMID,3,kill,killed,15:05,103340.11,2015,UT,TN2015
LECONTEMID,4,1,live,15:06,129434.7,2015,UT,TN2015
LECONTEMID,4,2,live,15:06,130421.47,2015,UT,TN2015
LECONTEMID,4,3,live,15:06,125479.78,2015,UT,TN2015
LECONTEMID,4,kill,killed,15:06,122214.16,2015,UT,TN2015
LECONTEMID,5,1,live,15:07,219807.34,2015,UT,TN2015
LECONTEMID,5,2,live,15:07,221501.06,2015,UT,TN2015
LECONTEMID,5,3,live,15:07,220802.76,2015,UT,TN2015
LECONTEMID,5,kill,killed,15:07,209188.25,2015,UT,TN2015
LECONTEMID,1,1,live,15:20,136913.79,2015,UT,TN2015
LECONTEMID,1,2,live,15:20,141750.25,2015,UT,TN2015
LECONTEMID,1,3,live,15:21,137566.34,2015,UT,TN2015
LECONTEMID,1,kill,killed,15:21,137118.81,2015,UT,TN2015
LECONTEMID,2,1,live,15:23,142815.39,2015,UT,TN2015
LECONTEMID,2,2,live,15:23,136401.57,2015,UT,TN2015
LECONTEMID,2,3,live,15:25,137813.35,2015,UT,TN2015
LECONTEMID,2,kill,killed,15:25,128902.97,2015,UT,TN2015
LECONTEMID,3,1,live,15:26,107603.17,2015,UT,TN2015
LECONTEMID,3,2,live,15:26,106123.64,2015,UT,TN2015
LECONTEMID,3,3,live,15:26,107096.14,2015,UT,TN2015
LECONTEMID,3,kill,killed,15:27,103583.94,2015,UT,TN2015
LECONTEMID,4,1,live,15:27,129233.31,2015,UT,TN2015
LECONTEMID,4,2,live,15:27,130316.53,2015,UT,TN2015
LECONTEMID,4,3,live,15:27,124612.49,2015,UT,TN2015
LECONTEMID,4,kill,killed,15:28,122761.76,2015,UT,TN2015
LECONTEMID,5,1,live,15:28,218993.23,2015,UT,TN2015
LECONTEMID,5,2,live,15:28,220896.6,2015,UT,TN2015
LECONTEMID,5,3,live,15:28,221130.73,2015,UT,TN2015
LECONTEMID,5,kill,killed,15:29,206531.04,2015,UT,TN2015
LECONTEMID,1,1,live,15:38,136795.79,2015,UT,TN2015
LECONTEMID,1,2,live,15:38,143134.07,2015,UT,TN2015
LECONTEMID,1,3,live,15:38,139300.18,2015,UT,TN2015
LECONTEMID,1,kill,killed,15:39,137562.98,2015,UT,TN2015
LECONTEMID,2,1,live,15:39,145575.9,2015,UT,TN2015
LECONTEMID,2,2,live,15:39,141796.46,2015,UT,TN2015
LECONTEMID,2,3,live,15:39,139202.01,2015,UT,TN2015
LECONTEMID,2,kill,killed,15:40,130720.57,2015,UT,TN2015
LECONTEMID,3,1,live,15:40,107304.1,2015,UT,TN2015
LECONTEMID,3,2,live,15:40,107784.91,2015,UT,TN2015
LECONTEMID,3,3,live,15:41,107951.95,2015,UT,TN2015
LECONTEMID,3,kill,killed,15:41,103663.68,2015,UT,TN2015
LECONTEMID,4,1,live,15:41,130346.03,2015,UT,TN2015
LECONTEMID,4,2,live,15:41,132070.28,2015,UT,TN2015
LECONTEMID,4,3,live,15:41,125791.6,2015,UT,TN2015
LECONTEMID,4,kill,killed,15:41,124903.05,2015,UT,TN2015
LECONTEMID,5,1,live,15:42,220040.82,2015,UT,TN2015
LECONTEMID,5,2,live,15:42,223344.12,2015,UT,TN2015
LECONTEMID,5,3,live,15:42,222098.68,2015,UT,TN2015
LECONTEMID,5,kill,killed,15:42,209700.64,2015,UT,TN2015
LECONTEMID,1,1,live,15:55,137787.53,2015,UT,TN2015
LECONTEMID,1,2,live,15:55,145845.85,2015,UT,TN2015
LECONTEMID,1,3,live,15:56,140204.15,2015,UT,TN2015
LECONTEMID,1,kill,killed,15:56,137406.21,2015,UT,TN2015
LECONTEMID,2,1,live,15:56,147952.46,2015,UT,TN2015
LECONTEMID,2,2,live,15:56,142505.04,2015,UT,TN2015
LECONTEMID,2,3,live,15:57,144121.78,2015,UT,TN2015
LECONTEMID,2,kill,killed,15:57,133819.84,2015,UT,TN2015
LECONTEMID,3,1,live,15:57,108276.67,2015,UT,TN2015
LECONTEMID,3,2,live,15:57,109157.1,2015,UT,TN2015
LECONTEMID,3,3,live,15:58,108508.4,2015,UT,TN2015
LECONTEMID,3,kill,killed,15:58,103555.85,2015,UT,TN2015
LECONTEMID,4,1,live,15:58,131313.7,2015,UT,TN2015
LECONTEMID,4,2,live,15:59,133132.51,2015,UT,TN2015
LECONTEMID,4,3,live,15:59,127662.29,2015,UT,TN2015
LECONTEMID,4,kill,killed,15:59,125922.57,2015,UT,TN2015
LECONTEMID,5,1,live,16:00,222540.6,2015,UT,TN2015
LECONTEMID,5,2,live,16:00,226166.39,2015,UT,TN2015
LECONTEMID,5,3,live,16:00,225787.35,2015,UT,TN2015
LECONTEMID,5,kill,killed,16:00,210722.78,2015,UT,TN2015
LECONTEPEAK,1,1,live,14:17,133566.96,2015,UT,TN2015
LECONTEPEAK,1,2,live,14:18,135087.28,2015,UT,TN2015
LECONTEPEAK,1,3,live,14:18,131938.29,2015,UT,TN2015
LECONTEPEAK,1,kill,killed,14:19,133327.15,2015,UT,TN2015
LECONTEPEAK,2,1,live,14:19,111791.14,2015,UT,TN2015
LECONTEPEAK,2,2,live,14:19,110846.64,2015,UT,TN2015
LECONTEPEAK,2,3,live,14:20,103416,2015,UT,TN2015
LECONTEPEAK,2,kill,killed,14:20,102317.5,2015,UT,TN2015
LECONTEPEAK,3,1,live,14:21,120930.87,2015,UT,TN2015
LECONTEPEAK,3,2,live,14:21,106347.3,2015,UT,TN2015
LECONTEPEAK,3,3,live,14:23,103717.89,2015,UT,TN2015
LECONTEPEAK,3,kill,killed,14:23,101912.16,2015,UT,TN2015
LECONTEPEAK,4,1,live,14:24,125290.38,2015,UT,TN2015
LECONTEPEAK,4,2,live,14:24,129871.93,2015,UT,TN2015
LECONTEPEAK,4,3,live,14:24,132572.04,2015,UT,TN2015
LECONTEPEAK,4,kill,killed,14:25,133621.09,2015,UT,TN2015
LECONTEPEAK,5,1,live,14:25,200849.64,2015,UT,TN2015
LECONTEPEAK,5,2,live,14:25,230517.68,2015,UT,TN2015
LECONTEPEAK,5,3,live,14:26,199508.84,2015,UT,TN2015
LECONTEPEAK,5,kill,killed,14:27,195028.73,2015,UT,TN2015
LECONTEPEAK,1,1,live,14:38,135688.96,2015,UT,TN2015
LECONTEPEAK,1,2,live,14:38,135932.62,2015,UT,TN2015
LECONTEPEAK,1,3,live,14:39,132817.17,2015,UT,TN2015
LECONTEPEAK,1,kill,killed,14:39,132847.93,2015,UT,TN2015
LECONTEPEAK,2,1,live,14:39,131539.48,2015,UT,TN2015
LECONTEPEAK,2,2,live,14:39,130559.35,2015,UT,TN2015
LECONTEPEAK,2,3,live,14:40,123703,2015,UT,TN2015
LECONTEPEAK,2,kill,killed,14:40,122349.43,2015,UT,TN2015
LECONTEPEAK,3,1,live,14:40,120218.45,2015,UT,TN2015
LECONTEPEAK,3,2,live,14:41,106063.91,2015,UT,TN2015
LECONTEPEAK,3,3,live,14:41,105175.13,2015,UT,TN2015
LECONTEPEAK,3,kill,killed,14:41,101308.47,2015,UT,TN2015
LECONTEPEAK,4,1,live,14:42,126086.55,2015,UT,TN2015
LECONTEPEAK,4,2,live,14:42,129377.22,2015,UT,TN2015
LECONTEPEAK,4,3,live,14:42,127267.92,2015,UT,TN2015
LECONTEPEAK,4,kill,killed,14:43,126467.78,2015,UT,TN2015
LECONTEPEAK,5,1,live,14:43,209675.81,2015,UT,TN2015
LECONTEPEAK,5,2,live,14:44,241820.23,2015,UT,TN2015
LECONTEPEAK,5,3,live,14:44,201481.45,2015,UT,TN2015
LECONTEPEAK,5,kill,killed,14:45,197697.92,2015,UT,TN2015
LECONTEPEAK,1,1,live,14:55,136321.01,2015,UT,TN2015
LECONTEPEAK,1,2,live,14:55,135036.26,2015,UT,TN2015
LECONTEPEAK,1,3,live,14:55,133041.01,2015,UT,TN2015
LECONTEPEAK,1,kill,killed,14:55,133761.51,2015,UT,TN2015
LECONTEPEAK,2,1,live,14:56,135703.39,2015,UT,TN2015
LECONTEPEAK,2,2,live,14:56,133411.81,2015,UT,TN2015
LECONTEPEAK,2,3,live,14:56,127881.57,2015,UT,TN2015
LECONTEPEAK,2,kill,killed,14:57,126530.5,2015,UT,TN2015
LECONTEPEAK,3,1,live,14:57,121408.83,2015,UT,TN2015
LECONTEPEAK,3,2,live,14:58,106503.5,2015,UT,TN2015
LECONTEPEAK,3,3,live,14:58,106061,2015,UT,TN2015
LECONTEPEAK,3,kill,killed,14:59,102022.45,2015,UT,TN2015
LECONTEPEAK,4,1,live,14:59,126255.27,2015,UT,TN2015
LECONTEPEAK,4,2,live,14:59,127713.18,2015,UT,TN2015
LECONTEPEAK,4,3,live,14:59,126954.18,2015,UT,TN2015
LECONTEPEAK,4,kill,killed,15:00,124995.35,2015,UT,TN2015
LECONTEPEAK,5,1,live,15:00,211666.25,2015,UT,TN2015
LECONTEPEAK,5,2,live,15:00,237703.85,2015,UT,TN2015
LECONTEPEAK,5,3,live,15:00,199313.59,2015,UT,TN2015
LECONTEPEAK,5,kill,killed,15:01,196368.56,2015,UT,TN2015
LECONTEPEAK,1,1,live,15:15,137936.79,2015,UT,TN2015
LECONTEPEAK,1,2,live,15:15,136652.31,2015,UT,TN2015
LECONTEPEAK,1,3,live,15:15,134380.51,2015,UT,TN2015
LECONTEPEAK,1,kill,killed,15:15,134708.71,2015,UT,TN2015
LECONTEPEAK,2,1,live,15:15,139828.29,2015,UT,TN2015
LECONTEPEAK,2,2,live,15:16,137501.1,2015,UT,TN2015
LECONTEPEAK,2,3,live,15:16,131888.04,2015,UT,TN2015
LECONTEPEAK,2,kill,killed,15:16,129390.57,2015,UT,TN2015
LECONTEPEAK,3,1,live,15:17,121438.69,2015,UT,TN2015
LECONTEPEAK,3,2,live,15:17,108857.32,2015,UT,TN2015
LECONTEPEAK,3,3,live,15:17,107592.67,2015,UT,TN2015
LECONTEPEAK,3,kill,killed,15:18,102268.47,2015,UT,TN2015
LECONTEPEAK,4,1,live,15:18,126841.06,2015,UT,TN2015
LECONTEPEAK,4,2,live,15:18,129550.38,2015,UT,TN2015
LECONTEPEAK,4,3,live,15:18,128431.83,2015,UT,TN2015
LECONTEPEAK,4,kill,killed,15:19,126619.69,2015,UT,TN2015
LECONTEPEAK,5,1,live,15:19,210999.26,2015,UT,TN2015
LECONTEPEAK,5,2,live,15:19,241224.29,2015,UT,TN2015
LECONTEPEAK,5,3,live,15:19,207198.82,2015,UT,TN2015
LECONTEPEAK,5,kill,killed,15:19,200677.32,2015,UT,TN2015
LECONTEPEAK,1,1,live,15:33,138269.67,2015,UT,TN2015
LECONTEPEAK,1,2,live,15:33,136305.89,2015,UT,TN2015
LECONTEPEAK,1,3,live,15:33,134648.18,2015,UT,TN2015
LECONTEPEAK,1,kill,killed,15:33,134425.9,2015,UT,TN2015
LECONTEPEAK,2,1,live,15:33,141982.87,2015,UT,TN2015
LECONTEPEAK,2,2,live,15:33,139613.04,2015,UT,TN2015
LECONTEPEAK,2,3,live,15:34,133494.29,2015,UT,TN2015
LECONTEPEAK,2,kill,killed,15:34,131918.4,2015,UT,TN2015
LECONTEPEAK,3,1,live,15:34,122364.93,2015,UT,TN2015
LECONTEPEAK,3,2,live,15:35,109090.5,2015,UT,TN2015
LECONTEPEAK,3,3,live,15:35,107983.88,2015,UT,TN2015
LECONTEPEAK,3,kill,killed,15:35,100824.68,2015,UT,TN2015
LECONTEPEAK,4,1,live,15:35,127403.57,2015,UT,TN2015
LECONTEPEAK,4,2,live,15:36,131173.51,2015,UT,TN2015
LECONTEPEAK,4,3,live,15:36,129070.25,2015,UT,TN2015
LECONTEPEAK,4,kill,killed,15:36,125632.75,2015,UT,TN2015
LECONTEPEAK,5,1,live,15:36,214268.64,2015,UT,TN2015
LECONTEPEAK,5,2,live,15:36,247705.07,2015,UT,TN2015
LECONTEPEAK,5,3,live,15:37,207640.78,2015,UT,TN2015
LECONTEPEAK,5,kill,killed,15:37,199214.87,2015,UT,TN2015
LECONTEPEAK,1,1,live,15:50,138315.12,2015,UT,TN2015
LECONTEPEAK,1,2,live,15:50,137151.35,2015,UT,TN2015
LECONTEPEAK,1,3,live,15:50,135378.92,2015,UT,TN2015
LECONTEPEAK,1,kill,killed,15:50,134152.78,2015,UT,TN2015
LECONTEPEAK,2,1,live,15:51,146087.31,2015,UT,TN2015
LECONTEPEAK,2,2,live,15:51,143527.92,2015,UT,TN2015
LECONTEPEAK,2,3,live,15:51,134350.17,2015,UT,TN2015
LECONTEPEAK,2,kill,killed,15:52,134736.29,2015,UT,TN2015
LECONTEPEAK,3,1,live,15:52,125608.25,2015,UT,TN2015
LECONTEPEAK,3,2,live,15:52,111408.07,2015,UT,TN2015
LECONTEPEAK,3,3,live,15:53,110913.19,2015,UT,TN2015
LECONTEPEAK,3,kill,killed,15:53,101755.38,2015,UT,TN2015
LECONTEPEAK,4,1,live,15:53,131300.01,2015,UT,TN2015
LECONTEPEAK,4,2,live,15:53,132677.57,2015,UT,TN2015
LECONTEPEAK,4,3,live,15:53,132008.67,2015,UT,TN2015
LECONTEPEAK,4,kill,killed,15:54,128035.1,2015,UT,TN2015
LECONTEPEAK,5,1,live,15:54,218800.79,2015,UT,TN2015
LECONTEPEAK,5,2,live,15:54,247759.84,2015,UT,TN2015
LECONTEPEAK,5,3,live,15:55,207543.39,2015,UT,TN2015
LECONTEPEAK,5,kill,killed,15:55,196526.46,2015,UT,TN2015
