site,substrate,rep,treatment,time,RFU,std,temp,year,fluorimeter,when,fluorophore
AC,1: Arg-AMC,1,live,15:13,90680,,23.4,2015,UT,PEEC2015,AMC
AC,1: Arg-AMC,2,live,15:13,81938,,23.4,2015,UT,PEEC2015,AMC
AC,1: Arg-AMC,3,live,15:14,87955,,23.4,2015,UT,PEEC2015,AMC
AC,1: Arg-AMC,k,killed,15:14,75414,,23.4,2015,UT,PEEC2015,AMC
AC,2: Gly-AMC,1,live,15:14,63289,,23.6,2015,UT,PEEC2015,AMC
AC,2: Gly-AMC,2,live,15:14,71660,,23.6,2015,UT,PEEC2015,AMC
AC,2: Gly-AMC,3,live,15:15,78390,,23.6,2015,UT,PEEC2015,AMC
AC,2: Gly-AMC,k,killed,15:15,53773,,23.6,2015,UT,PEEC2015,AMC
AC,3: Leu-AMC,1,live,15:15,64065,,23.8,2015,UT,PEEC2015,AMC
AC,3: Leu-AMC,2,live,15:15,81864,,23.8,2015,UT,PEEC2015,AMC
AC,3: Leu-AMC,3,live,15:16,80852,,23.8,2015,UT,PEEC2015,AMC
AC,3: Leu-AMC,k,killed,15:16,68521,,23.8,2015,UT,PEEC2015,AMC
AC,4: Pyr-AMC,1,live,15:17,97384,,23.8,2015,UT,PEEC2015,AMC
AC,4: Pyr-AMC,2,live,15:17,85069,,23.8,2015,UT,PEEC2015,AMC
AC,4: Pyr-AMC,3,live,15:18,81174,,23.8,2015,UT,PEEC2015,AMC
AC,4: Pyr-AMC,k,killed,15:18,93566,,23.8,2015,UT,PEEC2015,AMC
AC,5: GlyGlyArg-AMC,1,live,15:18,128150,,23.8,2015,UT,PEEC2015,AMC
AC,5: GlyGlyArg-AMC,2,live,15:19,127734,,23.8,2015,UT,PEEC2015,AMC
AC,5: GlyGlyArg-AMC,3,live,15:19,124183,,23.8,2015,UT,PEEC2015,AMC
AC,5: GlyGlyArg-AMC,k,killed,15:19,132390,,23.8,2015,UT,PEEC2015,AMC
AC,1: Arg-AMC,1,live,15:32,82769,,23.9,2015,UT,PEEC2015,AMC
AC,1: Arg-AMC,2,live,15:32,87663,,23.9,2015,UT,PEEC2015,AMC
AC,1: Arg-AMC,3,live,15:33,83242,,23.9,2015,UT,PEEC2015,AMC
AC,1: Arg-AMC,k,killed,15:33,53347,,23.9,2015,UT,PEEC2015,AMC
AC,2: Gly-AMC,1,live,15:33,75726,,23.9,2015,UT,PEEC2015,AMC
AC,2: Gly-AMC,2,live,15:33,68065,,23.9,2015,UT,PEEC2015,AMC
AC,2: Gly-AMC,3,live,15:34,78546,,23.9,2015,UT,PEEC2015,AMC
AC,2: Gly-AMC,k,killed,15:34,102064,,23.9,2015,UT,PEEC2015,AMC
AC,3: Leu-AMC,1,live,15:34,76401,,23.9,2015,UT,PEEC2015,AMC
AC,3: Leu-AMC,2,live,15:34,79888,,23.9,2015,UT,PEEC2015,AMC
AC,3: Leu-AMC,3,live,15:35,77545,,23.9,2015,UT,PEEC2015,AMC
AC,3: Leu-AMC,k,killed,15:35,67939,,23.9,2015,UT,PEEC2015,AMC
AC,4: Pyr-AMC,1,live,15:35,84212,,23.9,2015,UT,PEEC2015,AMC
AC,4: Pyr-AMC,2,live,15:35,84262,,23.9,2015,UT,PEEC2015,AMC
AC,4: Pyr-AMC,3,live,15:36,80860,,23.9,2015,UT,PEEC2015,AMC
AC,4: Pyr-AMC,k,killed,15:36,80426,,23.9,2015,UT,PEEC2015,AMC
AC,5: GlyGlyArg-AMC,1,live,15:36,143527,,23.9,2015,UT,PEEC2015,AMC
AC,5: GlyGlyArg-AMC,2,live,15:36,166272,,23.9,2015,UT,PEEC2015,AMC
AC,5: GlyGlyArg-AMC,3,live,15:37,138416,,23.9,2015,UT,PEEC2015,AMC
AC,5: GlyGlyArg-AMC,k,killed,15:37,145727,,23.9,2015,UT,PEEC2015,AMC
AC,1: Arg-AMC,1,live,15:52,89879,,23.9,2015,UT,PEEC2015,AMC
AC,1: Arg-AMC,2,live,15:53,94192,,23.9,2015,UT,PEEC2015,AMC
AC,1: Arg-AMC,3,live,15:53,89826,,23.9,2015,UT,PEEC2015,AMC
AC,1: Arg-AMC,k,killed,15:53,54170,,23.9,2015,UT,PEEC2015,AMC
AC,2: Gly-AMC,1,live,15:54,76461,,23.9,2015,UT,PEEC2015,AMC
AC,2: Gly-AMC,2,live,15:54,70855,,23.9,2015,UT,PEEC2015,AMC
AC,2: Gly-AMC,3,live,15:54,82741,,23.9,2015,UT,PEEC2015,AMC
AC,2: Gly-AMC,k,killed,15:55,91428,,23.9,2015,UT,PEEC2015,AMC
AC,3: Leu-AMC,1,live,15:56,85819,,23.9,2015,UT,PEEC2015,AMC
AC,3: Leu-AMC,2,live,15:56,106620,,23.9,2015,UT,PEEC2015,AMC
AC,3: Leu-AMC,3,live,15:56,101736,,23.9,2015,UT,PEEC2015,AMC
AC,3: Leu-AMC,k,killed,15:56,67999,,23.9,2015,UT,PEEC2015,AMC
AC,4: Pyr-AMC,1,live,15:57,99340,,23.9,2015,UT,PEEC2015,AMC
AC,4: Pyr-AMC,2,live,15:57,106342,,23.9,2015,UT,PEEC2015,AMC
AC,4: Pyr-AMC,3,live,15:57,97902,,23.9,2015,UT,PEEC2015,AMC
AC,4: Pyr-AMC,k,killed,15:57,81497,,23.9,2015,UT,PEEC2015,AMC
AC,5: GlyGlyArg-AMC,1,live,15:58,190011,,23.9,2015,UT,PEEC2015,AMC
AC,5: GlyGlyArg-AMC,2,live,15:58,189184,,23.9,2015,UT,PEEC2015,AMC
AC,5: GlyGlyArg-AMC,3,live,15:58,157789,,23.9,2015,UT,PEEC2015,AMC
AC,5: GlyGlyArg-AMC,k,killed,15:58,130850,,23.9,2015,UT,PEEC2015,AMC
AC,1: Arg-AMC,1,live,16:13,96489,,23.9,2015,UT,PEEC2015,AMC
AC,1: Arg-AMC,2,live,16:13,100583,,23.9,2015,UT,PEEC2015,AMC
AC,1: Arg-AMC,3,live,16:13,95644,,23.9,2015,UT,PEEC2015,AMC
AC,1: Arg-AMC,k,killed,16:14,54248,,23.9,2015,UT,PEEC2015,AMC
AC,2: Gly-AMC,1,live,16:14,87642,,23.9,2015,UT,PEEC2015,AMC
AC,2: Gly-AMC,2,live,16:14,74492,,23.9,2015,UT,PEEC2015,AMC
AC,2: Gly-AMC,3,live,16:14,104691,,23.9,2015,UT,PEEC2015,AMC
AC,2: Gly-AMC,k,killed,16:15,95597,,23.9,2015,UT,PEEC2015,AMC
AC,3: Leu-AMC,1,live,16:15,109985,,23.9,2015,UT,PEEC2015,AMC
AC,3: Leu-AMC,2,live,16:15,99009,,23.9,2015,UT,PEEC2015,AMC
AC,3: Leu-AMC,3,live,16:15,93939,,23.9,2015,UT,PEEC2015,AMC
AC,3: Leu-AMC,k,killed,16:16,59791,,23.9,2015,UT,PEEC2015,AMC
AC,4: Pyr-AMC,1,live,16:16,86204,,23.9,2015,UT,PEEC2015,AMC
AC,4: Pyr-AMC,2,live,16:16,89887,,23.9,2015,UT,PEEC2015,AMC
AC,4: Pyr-AMC,3,live,16:16,86492,,23.9,2015,UT,PEEC2015,AMC
AC,4: Pyr-AMC,k,killed,16:17,82700,,23.9,2015,UT,PEEC2015,AMC
AC,5: GlyGlyArg-AMC,1,live,16:17,178285,,23.9,2015,UT,PEEC2015,AMC
AC,5: GlyGlyArg-AMC,2,live,16:17,178012,,23.9,2015,UT,PEEC2015,AMC
AC,5: GlyGlyArg-AMC,3,live,16:17,171431,,23.9,2015,UT,PEEC2015,AMC
AC,5: GlyGlyArg-AMC,k,killed,16:17,145147,,23.9,2015,UT,PEEC2015,AMC
AC,1: Arg-AMC,1,live,16:35,103216,,23.9,2015,UT,PEEC2015,AMC
AC,1: Arg-AMC,2,live,16:35,107533,,23.9,2015,UT,PEEC2015,AMC
AC,1: Arg-AMC,3,live,16:35,102653,,23.9,2015,UT,PEEC2015,AMC
AC,1: Arg-AMC,k,killed,16:35,54988,,23.9,2015,UT,PEEC2015,AMC
AC,2: Gly-AMC,1,live,16:36,77238,,23.9,2015,UT,PEEC2015,AMC
AC,2: Gly-AMC,2,live,16:36,77669,,23.9,2015,UT,PEEC2015,AMC
AC,2: Gly-AMC,3,live,16:36,108228,,23.9,2015,UT,PEEC2015,AMC
AC,2: Gly-AMC,k,killed,16:36,99672,,23.9,2015,UT,PEEC2015,AMC
AC,3: Leu-AMC,1,live,16:36,120673,,23.9,2015,UT,PEEC2015,AMC
AC,3: Leu-AMC,2,live,16:37,109427,,23.9,2015,UT,PEEC2015,AMC
AC,3: Leu-AMC,3,live,16:37,103033,,23.9,2015,UT,PEEC2015,AMC
AC,3: Leu-AMC,k,killed,16:37,60263,,23.9,2015,UT,PEEC2015,AMC
AC,4: Pyr-AMC,1,live,16:37,101527,,23.9,2015,UT,PEEC2015,AMC
AC,4: Pyr-AMC,2,live,16:38,90798,,23.9,2015,UT,PEEC2015,AMC
AC,4: Pyr-AMC,3,live,16:38,90252,,23.9,2015,UT,PEEC2015,AMC
AC,4: Pyr-AMC,k,killed,16:38,84407,,23.9,2015,UT,PEEC2015,AMC
AC,5: GlyGlyArg-AMC,1,live,16:39,196530,,23.9,2015,UT,PEEC2015,AMC
AC,5: GlyGlyArg-AMC,2,live,16:39,196384,,23.9,2015,UT,PEEC2015,AMC
AC,5: GlyGlyArg-AMC,3,live,16:39,188960,,23.9,2015,UT,PEEC2015,AMC
AC,5: GlyGlyArg-AMC,k,killed,16:39,145043,,23.9,2015,UT,PEEC2015,AMC
BB1,1: Arg-AMC,1,live,02:44,223942,,,2015,UT2,PEEC2015,AMC
BB1,1: Arg-AMC,2,live,02:46,230242,,,2015,UT2,PEEC2015,AMC
BB1,1: Arg-AMC,3,live,02:46,227284,,,2015,UT2,PEEC2015,AMC
BB1,1: Arg-AMC,k,killed,02:47,150509,,,2015,UT2,PEEC2015,AMC
BB1,2: Gly-AMC,1,live,02:47,64525,,,2015,UT2,PEEC2015,AMC
BB1,2: Gly-AMC,2,live,02:47,62686,,,2015,UT2,PEEC2015,AMC
BB1,2: Gly-AMC,3,live,02:48,63540,,,2015,UT2,PEEC2015,AMC
BB1,2: Gly-AMC,k,killed,02:48,50449,,,2015,UT2,PEEC2015,AMC
BB1,3: Leu-AMC,1,live,02:49,238928,,,2015,UT2,PEEC2015,AMC
BB1,3: Leu-AMC,2,live,02:49,233339,,,2015,UT2,PEEC2015,AMC
BB1,3: Leu-AMC,3,live,02:49,229831,,,2015,UT2,PEEC2015,AMC
BB1,3: Leu-AMC,k,killed,02:50,139341,,,2015,UT2,PEEC2015,AMC
BB1,4: Pyr-AMC,1,live,02:50,217925,,,2015,UT2,PEEC2015,AMC
BB1,4: Pyr-AMC,2,live,02:50,207498,,,2015,UT2,PEEC2015,AMC
BB1,4: Pyr-AMC,3,live,02:51,212732,,,2015,UT2,PEEC2015,AMC
BB1,4: Pyr-AMC,k,killed,02:51,194111,,,2015,UT2,PEEC2015,AMC
BB1,5: GlyGlyArg-AMC,1,live,02:52,254903,,,2015,UT2,PEEC2015,AMC
BB1,5: GlyGlyArg-AMC,2,live,02:52,264406,,,2015,UT2,PEEC2015,AMC
BB1,5: GlyGlyArg-AMC,3,live,02:52,267838,,,2015,UT2,PEEC2015,AMC
BB1,5: GlyGlyArg-AMC,k,killed,02:53,207206,,,2015,UT2,PEEC2015,AMC
BB1,1: Arg-AMC,1,live,03:00,361471,,,2015,UT2,PEEC2015,AMC
BB1,1: Arg-AMC,2,live,03:00,354040,,,2015,UT2,PEEC2015,AMC
BB1,1: Arg-AMC,3,live,03:01,344526,,,2015,UT2,PEEC2015,AMC
BB1,1: Arg-AMC,k,killed,03:01,154140,,,2015,UT2,PEEC2015,AMC
BB1,2: Gly-AMC,1,live,03:01,77592,,,2015,UT2,PEEC2015,AMC
BB1,2: Gly-AMC,2,live,03:02,74644,,,2015,UT2,PEEC2015,AMC
BB1,2: Gly-AMC,3,live,03:02,76286,,,2015,UT2,PEEC2015,AMC
BB1,2: Gly-AMC,k,killed,03:02,51586,,,2015,UT2,PEEC2015,AMC
BB1,3: Leu-AMC,1,live,03:03,354917,,,2015,UT2,PEEC2015,AMC
BB1,3: Leu-AMC,2,live,03:03,346773,,,2015,UT2,PEEC2015,AMC
BB1,3: Leu-AMC,3,live,03:03,339931,,,2015,UT2,PEEC2015,AMC
BB1,3: Leu-AMC,k,killed,03:04,139846,,,2015,UT2,PEEC2015,AMC
BB1,4: Pyr-AMC,1,live,03:04,218886,,,2015,UT2,PEEC2015,AMC
BB1,4: Pyr-AMC,2,live,03:04,213321,,,2015,UT2,PEEC2015,AMC
BB1,4: Pyr-AMC,3,live,03:05,215777,,,2015,UT2,PEEC2015,AMC
BB1,4: Pyr-AMC,k,killed,03:05,195739,,,2015,UT2,PEEC2015,AMC
BB1,5: GlyGlyArg-AMC,1,live,03:05,291202,,,2015,UT2,PEEC2015,AMC
BB1,5: GlyGlyArg-AMC,2,live,03:05,299062,,,2015,UT2,PEEC2015,AMC
BB1,5: GlyGlyArg-AMC,3,live,03:06,304549,,,2015,UT2,PEEC2015,AMC
BB1,5: GlyGlyArg-AMC,k,killed,03:06,206236,,,2015,UT2,PEEC2015,AMC
BB1,1: Arg-AMC,1,live,03:15,488007,,,2015,UT2,PEEC2015,AMC
BB1,1: Arg-AMC,2,live,03:15,477047,,,2015,UT2,PEEC2015,AMC
BB1,1: Arg-AMC,3,live,03:15,465169,,,2015,UT2,PEEC2015,AMC
BB1,1: Arg-AMC,k,killed,03:16,154855,,,2015,UT2,PEEC2015,AMC
BB1,2: Gly-AMC,1,live,03:16,90878,,,2015,UT2,PEEC2015,AMC
BB1,2: Gly-AMC,2,live,03:16,87370,,,2015,UT2,PEEC2015,AMC
BB1,2: Gly-AMC,3,live,03:16,87914,,,2015,UT2,PEEC2015,AMC
BB1,2: Gly-AMC,k,killed,03:17,51576,,,2015,UT2,PEEC2015,AMC
BB1,3: Leu-AMC,1,live,03:17,474257,,,2015,UT2,PEEC2015,AMC
BB1,3: Leu-AMC,2,live,03:17,466625,,,2015,UT2,PEEC2015,AMC
BB1,3: Leu-AMC,3,live,03:18,458912,,,2015,UT2,PEEC2015,AMC
BB1,3: Leu-AMC,k,killed,03:18,134444,,,2015,UT2,PEEC2015,AMC
BB1,4: Pyr-AMC,1,live,03:18,221052,,,2015,UT2,PEEC2015,AMC
BB1,4: Pyr-AMC,2,live,03:18,215478,,,2015,UT2,PEEC2015,AMC
BB1,4: Pyr-AMC,3,live,03:19,219596,,,2015,UT2,PEEC2015,AMC
BB1,4: Pyr-AMC,k,killed,03:19,197493,,,2015,UT2,PEEC2015,AMC
BB1,5: GlyGlyArg-AMC,1,live,03:19,332478,,,2015,UT2,PEEC2015,AMC
BB1,5: GlyGlyArg-AMC,2,live,03:20,341035,,,2015,UT2,PEEC2015,AMC
BB1,5: GlyGlyArg-AMC,3,live,03:20,343672,,,2015,UT2,PEEC2015,AMC
BB1,5: GlyGlyArg-AMC,k,killed,03:20,207313,,,2015,UT2,PEEC2015,AMC
BB1,1: Arg-AMC,1,live,03:30,624598,,,2015,UT2,PEEC2015,AMC
BB1,1: Arg-AMC,2,live,03:30,611006,,,2015,UT2,PEEC2015,AMC
BB1,1: Arg-AMC,3,live,03:31,598467,,,2015,UT2,PEEC2015,AMC
BB1,1: Arg-AMC,k,killed,03:31,154938,,,2015,UT2,PEEC2015,AMC
BB1,2: Gly-AMC,1,live,03:31,103966,,,2015,UT2,PEEC2015,AMC
BB1,2: Gly-AMC,2,live,03:31,99966,,,2015,UT2,PEEC2015,AMC
BB1,2: Gly-AMC,3,live,03:32,101252,,,2015,UT2,PEEC2015,AMC
BB1,2: Gly-AMC,k,killed,03:32,52277,,,2015,UT2,PEEC2015,AMC
BB1,3: Leu-AMC,1,live,03:33,615846,,,2015,UT2,PEEC2015,AMC
BB1,3: Leu-AMC,2,live,03:33,613456,,,2015,UT2,PEEC2015,AMC
BB1,3: Leu-AMC,3,live,03:33,592244,,,2015,UT2,PEEC2015,AMC
BB1,3: Leu-AMC,k,killed,03:33,142350,,,2015,UT2,PEEC2015,AMC
BB1,4: Pyr-AMC,1,live,03:34,226733,,,2015,UT2,PEEC2015,AMC
BB1,4: Pyr-AMC,2,live,03:34,220666,,,2015,UT2,PEEC2015,AMC
BB1,4: Pyr-AMC,3,live,03:35,224321,,,2015,UT2,PEEC2015,AMC
BB1,4: Pyr-AMC,k,killed,03:35,198240,,,2015,UT2,PEEC2015,AMC
BB1,5: GlyGlyArg-AMC,1,live,03:35,378234,,,2015,UT2,PEEC2015,AMC
BB1,5: GlyGlyArg-AMC,2,live,03:36,385969,,,2015,UT2,PEEC2015,AMC
BB1,5: GlyGlyArg-AMC,3,live,03:36,387097,,,2015,UT2,PEEC2015,AMC
BB1,5: GlyGlyArg-AMC,k,killed,03:36,209345,,,2015,UT2,PEEC2015,AMC
BB1,1: Arg-AMC,1,live,03:46,766298,,,2015,UT2,PEEC2015,AMC
BB1,1: Arg-AMC,2,live,03:46,746287,,,2015,UT2,PEEC2015,AMC
BB1,1: Arg-AMC,3,live,03:46,750117,,,2015,UT2,PEEC2015,AMC
BB1,1: Arg-AMC,k,killed,03:47,156479,,,2015,UT2,PEEC2015,AMC
BB1,2: Gly-AMC,1,live,03:47,116655,,,2015,UT2,PEEC2015,AMC
BB1,2: Gly-AMC,2,live,03:47,111826,,,2015,UT2,PEEC2015,AMC
BB1,2: Gly-AMC,3,live,03:48,114165,,,2015,UT2,PEEC2015,AMC
BB1,2: Gly-AMC,k,killed,03:48,52459,,,2015,UT2,PEEC2015,AMC
BB1,3: Leu-AMC,1,live,03:48,753263,,,2015,UT2,PEEC2015,AMC
BB1,3: Leu-AMC,2,live,03:48,745924,,,2015,UT2,PEEC2015,AMC
BB1,3: Leu-AMC,3,live,03:49,722099,,,2015,UT2,PEEC2015,AMC
BB1,3: Leu-AMC,k,killed,03:49,141508,,,2015,UT2,PEEC2015,AMC
BB1,4: Pyr-AMC,1,live,03:49,231263,,,2015,UT2,PEEC2015,AMC
BB1,4: Pyr-AMC,2,live,03:50,223280,,,2015,UT2,PEEC2015,AMC
BB1,4: Pyr-AMC,3,live,03:50,229369,,,2015,UT2,PEEC2015,AMC
BB1,4: Pyr-AMC,k,killed,03:50,199831,,,2015,UT2,PEEC2015,AMC
BB1,5: GlyGlyArg-AMC,1,live,03:51,427525,,,2015,UT2,PEEC2015,AMC
BB1,5: GlyGlyArg-AMC,2,live,03:51,431899,,,2015,UT2,PEEC2015,AMC
BB1,5: GlyGlyArg-AMC,3,live,03:51,437913,,,2015,UT2,PEEC2015,AMC
BB1,5: GlyGlyArg-AMC,k,killed,03:52,208856,,,2015,UT2,PEEC2015,AMC
BB1,1: Arg-AMC,1,live,04:00,917347,,,2015,UT2,PEEC2015,AMC
BB1,1: Arg-AMC,2,live,04:01,907001,,,2015,UT2,PEEC2015,AMC
BB1,1: Arg-AMC,3,live,04:02,874718,,,2015,UT2,PEEC2015,AMC
BB1,1: Arg-AMC,k,killed,04:02,157162,,,2015,UT2,PEEC2015,AMC
BB1,2: Gly-AMC,1,live,04:02,129958,,,2015,UT2,PEEC2015,AMC
BB1,2: Gly-AMC,2,live,04:03,124915,,,2015,UT2,PEEC2015,AMC
BB1,2: Gly-AMC,3,live,04:03,127799,,,2015,UT2,PEEC2015,AMC
BB1,2: Gly-AMC,k,killed,04:03,52593,,,2015,UT2,PEEC2015,AMC
BB1,3: Leu-AMC,1,live,04:03,900817,,,2015,UT2,PEEC2015,AMC
BB1,3: Leu-AMC,2,live,04:04,902897,,,2015,UT2,PEEC2015,AMC
BB1,3: Leu-AMC,3,live,04:04,880628,,,2015,UT2,PEEC2015,AMC
BB1,3: Leu-AMC,k,killed,04:04,142480,,,2015,UT2,PEEC2015,AMC
BB1,4: Pyr-AMC,1,live,04:04,233116,,,2015,UT2,PEEC2015,AMC
BB1,4: Pyr-AMC,2,live,04:05,227911,,,2015,UT2,PEEC2015,AMC
BB1,4: Pyr-AMC,3,live,04:05,231919,,,2015,UT2,PEEC2015,AMC
BB1,4: Pyr-AMC,k,killed,04:05,201410,,,2015,UT2,PEEC2015,AMC
BB1,5: GlyGlyArg-AMC,1,live,04:05,472357,,,2015,UT2,PEEC2015,AMC
BB1,5: GlyGlyArg-AMC,2,live,04:06,476277,,,2015,UT2,PEEC2015,AMC
BB1,5: GlyGlyArg-AMC,3,live,04:06,478912,,,2015,UT2,PEEC2015,AMC
BB1,5: GlyGlyArg-AMC,k,killed,04:06,209166,,,2015,UT2,PEEC2015,AMC
BB1,1: Arg-AMC,1,live,04:30,1236775,,,2015,UT2,PEEC2015,AMC
BB1,1: Arg-AMC,2,live,04:31,1170355,,,2015,UT2,PEEC2015,AMC
BB1,1: Arg-AMC,3,live,04:31,1179123,,,2015,UT2,PEEC2015,AMC
BB1,1: Arg-AMC,k,killed,04:32,158798,,,2015,UT2,PEEC2015,AMC
BB1,2: Gly-AMC,1,live,04:32,155774,,,2015,UT2,PEEC2015,AMC
BB1,2: Gly-AMC,2,live,04:32,149265,,,2015,UT2,PEEC2015,AMC
BB1,2: Gly-AMC,3,live,04:33,151342,,,2015,UT2,PEEC2015,AMC
BB1,2: Gly-AMC,k,killed,04:34,53447,,,2015,UT2,PEEC2015,AMC
BB1,3: Leu-AMC,1,live,04:34,1232173,,,2015,UT2,PEEC2015,AMC
BB1,3: Leu-AMC,2,live,04:35,1230270,,,2015,UT2,PEEC2015,AMC
BB1,3: Leu-AMC,3,live,04:35,1185464,,,2015,UT2,PEEC2015,AMC
BB1,3: Leu-AMC,k,killed,04:35,145376,,,2015,UT2,PEEC2015,AMC
BB1,4: Pyr-AMC,1,live,04:35,242622,,,2015,UT2,PEEC2015,AMC
BB1,4: Pyr-AMC,2,live,04:36,237951,,,2015,UT2,PEEC2015,AMC
BB1,4: Pyr-AMC,3,live,04:36,240838,,,2015,UT2,PEEC2015,AMC
BB1,4: Pyr-AMC,k,killed,04:36,206489,,,2015,UT2,PEEC2015,AMC
BB1,5: GlyGlyArg-AMC,1,live,04:37,586494,,,2015,UT2,PEEC2015,AMC
BB1,5: GlyGlyArg-AMC,2,live,04:37,583030,,,2015,UT2,PEEC2015,AMC
BB1,5: GlyGlyArg-AMC,3,live,04:37,581631,,,2015,UT2,PEEC2015,AMC
BB1,5: GlyGlyArg-AMC,k,killed,04:37,211635,,,2015,UT2,PEEC2015,AMC
BB1,1: Arg-AMC,1,live,04:57,1493069,,,2015,UT2,PEEC2015,AMC
BB1,1: Arg-AMC,2,live,04:57,1545421,,,2015,UT2,PEEC2015,AMC
BB1,1: Arg-AMC,3,live,04:58,1467820,,,2015,UT2,PEEC2015,AMC
BB1,1: Arg-AMC,k,killed,04:58,160036,,,2015,UT2,PEEC2015,AMC
BB1,2: Gly-AMC,1,live,04:58,177903,,,2015,UT2,PEEC2015,AMC
BB1,2: Gly-AMC,2,live,04:58,171066,,,2015,UT2,PEEC2015,AMC
BB1,2: Gly-AMC,3,live,04:58,172090,,,2015,UT2,PEEC2015,AMC
BB1,2: Gly-AMC,k,killed,04:59,53151,,,2015,UT2,PEEC2015,AMC
BB1,3: Leu-AMC,1,live,04:59,1476291,,,2015,UT2,PEEC2015,AMC
BB1,3: Leu-AMC,2,live,04:59,1485998,,,2015,UT2,PEEC2015,AMC
BB1,3: Leu-AMC,3,live,04:59,1435290,,,2015,UT2,PEEC2015,AMC
BB1,3: Leu-AMC,k,killed,04:59,145069,,,2015,UT2,PEEC2015,AMC
BB1,4: Pyr-AMC,1,live,05:00,246743,,,2015,UT2,PEEC2015,AMC
BB1,4: Pyr-AMC,2,live,05:00,241562,,,2015,UT2,PEEC2015,AMC
BB1,4: Pyr-AMC,3,live,05:00,243439,,,2015,UT2,PEEC2015,AMC
BB1,4: Pyr-AMC,k,killed,05:00,206786,,,2015,UT2,PEEC2015,AMC
BB1,5: GlyGlyArg-AMC,1,live,05:01,670946,,,2015,UT2,PEEC2015,AMC
BB1,5: GlyGlyArg-AMC,2,live,05:01,651524,,,2015,UT2,PEEC2015,AMC
BB1,5: GlyGlyArg-AMC,3,live,05:01,656138,,,2015,UT2,PEEC2015,AMC
BB1,5: GlyGlyArg-AMC,k,killed,05:01,211110,,,2015,UT2,PEEC2015,AMC
BB2,1: Arg-AMC,1,live,14:54,120296,,,2015,UT2,PEEC2015,AMC
BB2,1: Arg-AMC,2,live,14:56,130360,,,2015,UT2,PEEC2015,AMC
BB2,1: Arg-AMC,3,live,14:56,137129,,,2015,UT2,PEEC2015,AMC
BB2,1: Arg-AMC,k,killed,14:56,76475,,,2015,UT2,PEEC2015,AMC
BB2,2: Gly-AMC,1,live,14:57,95388,,,2015,UT2,PEEC2015,AMC
BB2,2: Gly-AMC,2,live,14:57,102263,,,2015,UT2,PEEC2015,AMC
BB2,2: Gly-AMC,3,live,14:57,98712,,,2015,UT2,PEEC2015,AMC
BB2,2: Gly-AMC,k,killed,14:58,82613,,,2015,UT2,PEEC2015,AMC
BB2,3: Leu-AMC,1,live,14:58,151787,,,2015,UT2,PEEC2015,AMC
BB2,3: Leu-AMC,2,live,14:58,154851,,,2015,UT2,PEEC2015,AMC
BB2,3: Leu-AMC,3,live,14:59,147624,,,2015,UT2,PEEC2015,AMC
BB2,3: Leu-AMC,k,killed,14:59,49224,,,2015,UT2,PEEC2015,AMC
BB2,4: Pyr-AMC,1,live,15:00,103444,,,2015,UT2,PEEC2015,AMC
BB2,4: Pyr-AMC,2,live,15:00,110291,,,2015,UT2,PEEC2015,AMC
BB2,4: Pyr-AMC,3,live,15:00,101217,,,2015,UT2,PEEC2015,AMC
BB2,4: Pyr-AMC,k,killed,15:00,86502,,,2015,UT2,PEEC2015,AMC
BB2,5: GlyGlyArg-AMC,1,live,15:01,85465,,,2015,UT2,PEEC2015,AMC
BB2,5: GlyGlyArg-AMC,2,live,15:01,96613,,,2015,UT2,PEEC2015,AMC
BB2,5: GlyGlyArg-AMC,3,live,15:01,104133,,,2015,UT2,PEEC2015,AMC
BB2,5: GlyGlyArg-AMC,k,killed,15:02,86521,,,2015,UT2,PEEC2015,AMC
BB2,1: Arg-AMC,1,live,15:07,179512,,,2015,UT2,PEEC2015,AMC
BB2,1: Arg-AMC,2,live,15:08,184216,,,2015,UT2,PEEC2015,AMC
BB2,1: Arg-AMC,3,live,15:08,191085,,,2015,UT2,PEEC2015,AMC
BB2,1: Arg-AMC,k,killed,15:09,70091,,,2015,UT2,PEEC2015,AMC
BB2,2: Gly-AMC,1,live,15:09,124001,,,2015,UT2,PEEC2015,AMC
BB2,2: Gly-AMC,2,live,15:09,124514,,,2015,UT2,PEEC2015,AMC
BB2,2: Gly-AMC,3,live,15:09,122721,,,2015,UT2,PEEC2015,AMC
BB2,2: Gly-AMC,k,killed,15:10,90607,,,2015,UT2,PEEC2015,AMC
BB2,3: Leu-AMC,1,live,15:10,209770,,,2015,UT2,PEEC2015,AMC
BB2,3: Leu-AMC,2,live,15:10,257151,,,2015,UT2,PEEC2015,AMC
BB2,3: Leu-AMC,3,live,15:10,241978,,,2015,UT2,PEEC2015,AMC
BB2,3: Leu-AMC,k,killed,15:11,58888,,,2015,UT2,PEEC2015,AMC
BB2,4: Pyr-AMC,1,live,15:12,108462,,,2015,UT2,PEEC2015,AMC
BB2,4: Pyr-AMC,2,live,15:12,117582,,,2015,UT2,PEEC2015,AMC
BB2,4: Pyr-AMC,3,live,15:12,108703,,,2015,UT2,PEEC2015,AMC
BB2,4: Pyr-AMC,k,killed,15:12,88880,,,2015,UT2,PEEC2015,AMC
BB2,5: GlyGlyArg-AMC,1,live,15:13,107708,,,2015,UT2,PEEC2015,AMC
BB2,5: GlyGlyArg-AMC,2,live,15:13,111307,,,2015,UT2,PEEC2015,AMC
BB2,5: GlyGlyArg-AMC,3,live,15:13,111145,,,2015,UT2,PEEC2015,AMC
BB2,5: GlyGlyArg-AMC,k,killed,15:13,103813,,,2015,UT2,PEEC2015,AMC
BB2,1: Arg-AMC,1,live,15:31,296900,,,2015,UT2,PEEC2015,AMC
BB2,1: Arg-AMC,2,live,15:32,289413,,,2015,UT2,PEEC2015,AMC
BB2,1: Arg-AMC,3,live,15:32,296806,,,2015,UT2,PEEC2015,AMC
BB2,1: Arg-AMC,k,killed,15:32,77628,,,2015,UT2,PEEC2015,AMC
BB2,2: Gly-AMC,1,live,15:33,163890,,,2015,UT2,PEEC2015,AMC
BB2,2: Gly-AMC,2,live,15:33,187001,,,2015,UT2,PEEC2015,AMC
BB2,2: Gly-AMC,3,live,15:33,164430,,,2015,UT2,PEEC2015,AMC
BB2,2: Gly-AMC,k,killed,15:34,95190,,,2015,UT2,PEEC2015,AMC
BB2,3: Leu-AMC,1,live,15:34,519372,,,2015,UT2,PEEC2015,AMC
BB2,3: Leu-AMC,2,live,15:34,460600,,,2015,UT2,PEEC2015,AMC
BB2,3: Leu-AMC,3,live,15:34,433756,,,2015,UT2,PEEC2015,AMC
BB2,3: Leu-AMC,k,killed,15:34,54793,,,2015,UT2,PEEC2015,AMC
BB2,4: Pyr-AMC,1,live,15:35,120526,,,2015,UT2,PEEC2015,AMC
BB2,4: Pyr-AMC,2,live,15:36,128692,,,2015,UT2,PEEC2015,AMC
BB2,4: Pyr-AMC,3,live,15:36,116607,,,2015,UT2,PEEC2015,AMC
BB2,4: Pyr-AMC,k,killed,15:36,87191,,,2015,UT2,PEEC2015,AMC
BB2,5: GlyGlyArg-AMC,1,live,15:36,133810,,,2015,UT2,PEEC2015,AMC
BB2,5: GlyGlyArg-AMC,2,live,15:36,137837,,,2015,UT2,PEEC2015,AMC
BB2,5: GlyGlyArg-AMC,3,live,15:37,173531,,,2015,UT2,PEEC2015,AMC
BB2,5: GlyGlyArg-AMC,k,killed,15:37,87938,,,2015,UT2,PEEC2015,AMC
BB2,1: Arg-AMC,1,live,16:30,583783,,,2015,UT2,PEEC2015,AMC
BB2,1: Arg-AMC,2,live,16:31,567056,,,2015,UT2,PEEC2015,AMC
BB2,1: Arg-AMC,3,live,16:31,607728,,,2015,UT2,PEEC2015,AMC
BB2,1: Arg-AMC,k,killed,16:32,88151,,,2015,UT2,PEEC2015,AMC
BB2,2: Gly-AMC,1,live,16:32,263611,,,2015,UT2,PEEC2015,AMC
BB2,2: Gly-AMC,2,live,16:32,285923,,,2015,UT2,PEEC2015,AMC
BB2,2: Gly-AMC,3,live,16:33,268383,,,2015,UT2,PEEC2015,AMC
BB2,2: Gly-AMC,k,killed,16:33,115328,,,2015,UT2,PEEC2015,AMC
BB2,3: Leu-AMC,1,live,16:34,1086366,,,2015,UT2,PEEC2015,AMC
BB2,3: Leu-AMC,2,live,16:34,1159462,,,2015,UT2,PEEC2015,AMC
BB2,3: Leu-AMC,3,live,16:34,NA,,,2015,UT2,PEEC2015,AMC
BB2,3: Leu-AMC,k,killed,16:35,NA,,,2015,UT2,PEEC2015,AMC
BB2,4: Pyr-AMC,1,live,16:35,139299,,,2015,UT2,PEEC2015,AMC
BB2,4: Pyr-AMC,2,live,16:36,148141,,,2015,UT2,PEEC2015,AMC
BB2,4: Pyr-AMC,3,live,16:36,137063,,,2015,UT2,PEEC2015,AMC
BB2,4: Pyr-AMC,k,killed,16:37,95826,,,2015,UT2,PEEC2015,AMC
BB2,5: GlyGlyArg-AMC,1,live,16:37,210054,,,2015,UT2,PEEC2015,AMC
BB2,5: GlyGlyArg-AMC,2,live,16:38,222770,,,2015,UT2,PEEC2015,AMC
BB2,5: GlyGlyArg-AMC,3,live,16:38,340666,,,2015,UT2,PEEC2015,AMC
BB2,5: GlyGlyArg-AMC,k,killed,16:39,110221,,,2015,UT2,PEEC2015,AMC
BB2,1: Arg-AMC,1,live,16:51,696756,,,2015,UT2,PEEC2015,AMC
BB2,1: Arg-AMC,2,live,16:52,701431,,,2015,UT2,PEEC2015,AMC
BB2,1: Arg-AMC,3,live,16:52,724875,,,2015,UT2,PEEC2015,AMC
BB2,1: Arg-AMC,k,killed,16:52,93032,,,2015,UT2,PEEC2015,AMC
BB2,2: Gly-AMC,1,live,16:53,301687,,,2015,UT2,PEEC2015,AMC
BB2,2: Gly-AMC,2,live,16:54,329039,,,2015,UT2,PEEC2015,AMC
BB2,2: Gly-AMC,3,live,16:54,305497,,,2015,UT2,PEEC2015,AMC
BB2,2: Gly-AMC,k,killed,16:54,129922,,,2015,UT2,PEEC2015,AMC
BB2,3: Leu-AMC,1,live,16:54,1340529,,,2015,UT2,PEEC2015,AMC
BB2,3: Leu-AMC,2,live,16:54,1429061,,,2015,UT2,PEEC2015,AMC
BB2,3: Leu-AMC,3,live,16:55,1392378,,,2015,UT2,PEEC2015,AMC
BB2,3: Leu-AMC,k,killed,16:55,66769,,,2015,UT2,PEEC2015,AMC
BB2,4: Pyr-AMC,1,live,16:56,145125,,,2015,UT2,PEEC2015,AMC
BB2,4: Pyr-AMC,2,live,16:56,131422,,,2015,UT2,PEEC2015,AMC
BB2,4: Pyr-AMC,3,live,16:56,141834,,,2015,UT2,PEEC2015,AMC
BB2,4: Pyr-AMC,k,killed,16:57,96900,,,2015,UT2,PEEC2015,AMC
BB2,5: GlyGlyArg-AMC,1,live,16:57,258161,,,2015,UT2,PEEC2015,AMC
BB2,5: GlyGlyArg-AMC,2,live,16:57,268138,,,2015,UT2,PEEC2015,AMC
BB2,5: GlyGlyArg-AMC,3,live,16:58,397465,,,2015,UT2,PEEC2015,AMC
BB2,5: GlyGlyArg-AMC,k,killed,16:58,103711,,,2015,UT2,PEEC2015,AMC
BS,1: Arg-AMC,1,live,10:22,184981,,,2015,UT2,PEEC2015,AMC
BS,1: Arg-AMC,2,live,10:22,180988,,,2015,UT2,PEEC2015,AMC
BS,1: Arg-AMC,3,live,10:23,185012,,,2015,UT2,PEEC2015,AMC
BS,1: Arg-AMC,k,killed,10:24,165513,,,2015,UT2,PEEC2015,AMC
BS,2: Gly-AMC,1,live,10:24,139366,,,2015,UT2,PEEC2015,AMC
BS,2: Gly-AMC,2,live,10:24,138931,,,2015,UT2,PEEC2015,AMC
BS,2: Gly-AMC,3,live,10:25,140438,,,2015,UT2,PEEC2015,AMC
BS,2: Gly-AMC,k,killed,10:25,159740,,,2015,UT2,PEEC2015,AMC
BS,3: Leu-AMC,1,live,10:25,208135,,,2015,UT2,PEEC2015,AMC
BS,3: Leu-AMC,2,live,10:26,204997,,,2015,UT2,PEEC2015,AMC
BS,3: Leu-AMC,3,live,10:26,206190,,,2015,UT2,PEEC2015,AMC
BS,3: Leu-AMC,k,killed,10:26,145100,,,2015,UT2,PEEC2015,AMC
BS,4: Pyr-AMC,1,live,10:27,209377,,,2015,UT2,PEEC2015,AMC
BS,4: Pyr-AMC,2,live,10:27,212271,,,2015,UT2,PEEC2015,AMC
BS,4: Pyr-AMC,3,live,10:27,198097,,,2015,UT2,PEEC2015,AMC
BS,4: Pyr-AMC,k,killed,10:28,196825,,,2015,UT2,PEEC2015,AMC
BS,5: GlyGlyArg-AMC,1,live,10:28,209208,,,2015,UT2,PEEC2015,AMC
BS,5: GlyGlyArg-AMC,2,live,10:28,228116,,,2015,UT2,PEEC2015,AMC
BS,5: GlyGlyArg-AMC,3,live,10:29,239150,,,2015,UT2,PEEC2015,AMC
BS,5: GlyGlyArg-AMC,k,killed,10:29,197915,,,2015,UT2,PEEC2015,AMC
BS,1: Arg-AMC,1,live,10:44,229576,,,2015,UT2,PEEC2015,AMC
BS,1: Arg-AMC,2,live,10:44,228010,,,2015,UT2,PEEC2015,AMC
BS,1: Arg-AMC,3,live,10:45,233025,,,2015,UT2,PEEC2015,AMC
BS,1: Arg-AMC,k,killed,10:45,164829,,,2015,UT2,PEEC2015,AMC
BS,2: Gly-AMC,1,live,10:45,147431,,,2015,UT2,PEEC2015,AMC
BS,2: Gly-AMC,2,live,10:46,152795,,,2015,UT2,PEEC2015,AMC
BS,2: Gly-AMC,3,live,10:46,155267,,,2015,UT2,PEEC2015,AMC
BS,2: Gly-AMC,k,killed,10:46,147930,,,2015,UT2,PEEC2015,AMC
BS,3: Leu-AMC,1,live,10:47,298812,,,2015,UT2,PEEC2015,AMC
BS,3: Leu-AMC,2,live,10:47,291935,,,2015,UT2,PEEC2015,AMC
BS,3: Leu-AMC,3,live,10:48,300039,,,2015,UT2,PEEC2015,AMC
BS,3: Leu-AMC,k,killed,10:48,144692,,,2015,UT2,PEEC2015,AMC
BS,4: Pyr-AMC,1,live,10:48,201068,,,2015,UT2,PEEC2015,AMC
BS,4: Pyr-AMC,2,live,10:49,210067,,,2015,UT2,PEEC2015,AMC
BS,4: Pyr-AMC,3,live,10:49,198015,,,2015,UT2,PEEC2015,AMC
BS,4: Pyr-AMC,k,killed,10:50,194600,,,2015,UT2,PEEC2015,AMC
BS,5: GlyGlyArg-AMC,1,live,10:50,244421,,,2015,UT2,PEEC2015,AMC
BS,5: GlyGlyArg-AMC,2,live,10:50,269634,,,2015,UT2,PEEC2015,AMC
BS,5: GlyGlyArg-AMC,3,live,10:51,273502,,,2015,UT2,PEEC2015,AMC
BS,5: GlyGlyArg-AMC,k,killed,10:51,198152,,,2015,UT2,PEEC2015,AMC
BS,1: Arg-AMC,1,live,11:06,277457,,,2015,UT2,PEEC2015,AMC
BS,1: Arg-AMC,2,live,11:06,276236,,,2015,UT2,PEEC2015,AMC
BS,1: Arg-AMC,3,live,11:07,284234,,,2015,UT2,PEEC2015,AMC
BS,1: Arg-AMC,k,killed,11:07,163484,,,2015,UT2,PEEC2015,AMC
BS,2: Gly-AMC,1,live,11:07,169950,,,2015,UT2,PEEC2015,AMC
BS,2: Gly-AMC,2,live,11:08,170127,,,2015,UT2,PEEC2015,AMC
BS,2: Gly-AMC,3,live,11:08,176019,,,2015,UT2,PEEC2015,AMC
BS,2: Gly-AMC,k,killed,11:08,147109,,,2015,UT2,PEEC2015,AMC
BS,3: Leu-AMC,1,live,11:09,394383,,,2015,UT2,PEEC2015,AMC
BS,3: Leu-AMC,2,live,11:09,387104,,,2015,UT2,PEEC2015,AMC
BS,3: Leu-AMC,3,live,11:10,401508,,,2015,UT2,PEEC2015,AMC
BS,3: Leu-AMC,k,killed,11:10,145039,,,2015,UT2,PEEC2015,AMC
BS,4: Pyr-AMC,1,live,11:10,204705,,,2015,UT2,PEEC2015,AMC
BS,4: Pyr-AMC,2,live,11:11,210632,,,2015,UT2,PEEC2015,AMC
BS,4: Pyr-AMC,3,live,11:11,198890,,,2015,UT2,PEEC2015,AMC
BS,4: Pyr-AMC,k,killed,11:11,195688,,,2015,UT2,PEEC2015,AMC
BS,5: GlyGlyArg-AMC,1,live,11:12,273557,,,2015,UT2,PEEC2015,AMC
BS,5: GlyGlyArg-AMC,2,live,11:12,298575,,,2015,UT2,PEEC2015,AMC
BS,5: GlyGlyArg-AMC,3,live,11:12,297782,,,2015,UT2,PEEC2015,AMC
BS,5: GlyGlyArg-AMC,k,killed,11:13,204494,,,2015,UT2,PEEC2015,AMC
DR,1: Arg-AMC,1,live,18:07,5391,,,2015,MXS,PEEC2015,AMC
DR,1: Arg-AMC,2,live,18:08,4816,,,2015,MXS,PEEC2015,AMC
DR,1: Arg-AMC,3,live,18:08,4952,,,2015,MXS,PEEC2015,AMC
DR,1: Arg-AMC,k,killed,18:08,5401,,,2015,MXS,PEEC2015,AMC
DR,2: Gly-AMC,1,live,18:09,2434,,,2015,MXS,PEEC2015,AMC
DR,2: Gly-AMC,2,live,18:09,3094,,,2015,MXS,PEEC2015,AMC
DR,2: Gly-AMC,3,live,18:09,2289,,,2015,MXS,PEEC2015,AMC
DR,2: Gly-AMC,k,killed,18:09,2656,,,2015,MXS,PEEC2015,AMC
DR,3: Leu-AMC,1,live,18:10,4995,,,2015,MXS,PEEC2015,AMC
DR,3: Leu-AMC,2,live,18:10,4932,,,2015,MXS,PEEC2015,AMC
DR,3: Leu-AMC,3,live,18:10,5508,,,2015,MXS,PEEC2015,AMC
DR,3: Leu-AMC,k,killed,18:10,4440,,,2015,MXS,PEEC2015,AMC
DR,4: Pyr-AMC,1,live,18:11,4398,,,2015,MXS,PEEC2015,AMC
DR,4: Pyr-AMC,2,live,18:11,4339,,,2015,MXS,PEEC2015,AMC
DR,4: Pyr-AMC,3,live,18:11,3657,,,2015,MXS,PEEC2015,AMC
DR,4: Pyr-AMC,k,killed,18:11,4417,,,2015,MXS,PEEC2015,AMC
DR,5: GlyGlyArg-AMC,1,live,18:12,6008,,,2015,MXS,PEEC2015,AMC
DR,5: GlyGlyArg-AMC,2,live,18:12,5561,,,2015,MXS,PEEC2015,AMC
DR,5: GlyGlyArg-AMC,3,live,18:12,5791,,,2015,MXS,PEEC2015,AMC
DR,5: GlyGlyArg-AMC,k,killed,18:13,5710,,,2015,MXS,PEEC2015,AMC
DR,1: Arg-AMC,1,live,18:24,6311,,,2015,MXS,PEEC2015,AMC
DR,1: Arg-AMC,2,live,18:25,5694,,,2015,MXS,PEEC2015,AMC
DR,1: Arg-AMC,3,live,18:25,5910,,,2015,MXS,PEEC2015,AMC
DR,1: Arg-AMC,k,killed,18:25,5392,,,2015,MXS,PEEC2015,AMC
DR,2: Gly-AMC,1,live,18:26,2769,,,2015,MXS,PEEC2015,AMC
DR,2: Gly-AMC,2,live,18:26,3611,,,2015,MXS,PEEC2015,AMC
DR,2: Gly-AMC,3,live,18:26,2687,,,2015,MXS,PEEC2015,AMC
DR,2: Gly-AMC,k,killed,18:26,2670,,,2015,MXS,PEEC2015,AMC
DR,3: Leu-AMC,1,live,18:27,7285,,,2015,MXS,PEEC2015,AMC
DR,3: Leu-AMC,2,live,18:27,7000,,,2015,MXS,PEEC2015,AMC
DR,3: Leu-AMC,3,live,18:27,7734,,,2015,MXS,PEEC2015,AMC
DR,3: Leu-AMC,k,killed,18:27,4344,,,2015,MXS,PEEC2015,AMC
DR,4: Pyr-AMC,1,live,18:28,4429,,,2015,MXS,PEEC2015,AMC
DR,4: Pyr-AMC,2,live,18:28,4313,,,2015,MXS,PEEC2015,AMC
DR,4: Pyr-AMC,3,live,18:28,3773,,,2015,MXS,PEEC2015,AMC
DR,4: Pyr-AMC,k,killed,18:28,4458,,,2015,MXS,PEEC2015,AMC
DR,5: GlyGlyArg-AMC,1,live,18:29,7618,,,2015,MXS,PEEC2015,AMC
DR,5: GlyGlyArg-AMC,2,live,18:29,7258,,,2015,MXS,PEEC2015,AMC
DR,5: GlyGlyArg-AMC,3,live,18:29,7657,,,2015,MXS,PEEC2015,AMC
DR,5: GlyGlyArg-AMC,k,killed,18:29,5872,,,2015,MXS,PEEC2015,AMC
DR,1: Arg-AMC,1,live,18:44,7510,,,2015,MXS,PEEC2015,AMC
DR,1: Arg-AMC,2,live,18:44,6933,,,2015,MXS,PEEC2015,AMC
DR,1: Arg-AMC,3,live,18:45,7112,,,2015,MXS,PEEC2015,AMC
DR,1: Arg-AMC,k,killed,18:45,5389,,,2015,MXS,PEEC2015,AMC
DR,2: Gly-AMC,1,live,18:45,3189,,,2015,MXS,PEEC2015,AMC
DR,2: Gly-AMC,2,live,18:46,4097,,,2015,MXS,PEEC2015,AMC
DR,2: Gly-AMC,3,live,18:46,3070,,,2015,MXS,PEEC2015,AMC
DR,2: Gly-AMC,k,killed,18:46,2720,,,2015,MXS,PEEC2015,AMC
DR,3: Leu-AMC,1,live,18:46,10058,,,2015,MXS,PEEC2015,AMC
DR,3: Leu-AMC,2,live,18:46,9822,,,2015,MXS,PEEC2015,AMC
DR,3: Leu-AMC,3,live,18:47,10659,,,2015,MXS,PEEC2015,AMC
DR,3: Leu-AMC,k,killed,18:47,4422,,,2015,MXS,PEEC2015,AMC
DR,4: Pyr-AMC,1,live,18:47,4587,,,2015,MXS,PEEC2015,AMC
DR,4: Pyr-AMC,2,live,18:48,4560,,,2015,MXS,PEEC2015,AMC
DR,4: Pyr-AMC,3,live,18:48,4010,,,2015,MXS,PEEC2015,AMC
DR,4: Pyr-AMC,k,killed,18:48,4519,,,2015,MXS,PEEC2015,AMC
DR,5: GlyGlyArg-AMC,1,live,18:48,10135,,,2015,MXS,PEEC2015,AMC
DR,5: GlyGlyArg-AMC,2,live,18:49,10067,,,2015,MXS,PEEC2015,AMC
DR,5: GlyGlyArg-AMC,3,live,18:49,10542,,,2015,MXS,PEEC2015,AMC
DR,5: GlyGlyArg-AMC,k,killed,18:49,6144,,,2015,MXS,PEEC2015,AMC
DR,1: Arg-AMC,1,live,19:02,8502,,,2015,MXS,PEEC2015,AMC
DR,1: Arg-AMC,2,live,19:02,8026,,,2015,MXS,PEEC2015,AMC
DR,1: Arg-AMC,3,live,19:02,8197,,,2015,MXS,PEEC2015,AMC
DR,1: Arg-AMC,k,killed,19:02,5457,,,2015,MXS,PEEC2015,AMC
DR,2: Gly-AMC,1,live,19:03,3544,,,2015,MXS,PEEC2015,AMC
DR,2: Gly-AMC,2,live,19:03,4508,,,2015,MXS,PEEC2015,AMC
DR,2: Gly-AMC,3,live,19:03,3422,,,2015,MXS,PEEC2015,AMC
DR,2: Gly-AMC,k,killed,19:03,2766,,,2015,MXS,PEEC2015,AMC
DR,3: Leu-AMC,1,live,19:04,12596,,,2015,MXS,PEEC2015,AMC
DR,3: Leu-AMC,2,live,19:04,12310,,,2015,MXS,PEEC2015,AMC
DR,3: Leu-AMC,3,live,19:04,13287,,,2015,MXS,PEEC2015,AMC
DR,3: Leu-AMC,k,killed,19:04,4469,,,2015,MXS,PEEC2015,AMC
DR,4: Pyr-AMC,1,live,19:05,4733,,,2015,MXS,PEEC2015,AMC
DR,4: Pyr-AMC,2,live,19:05,4703,,,2015,MXS,PEEC2015,AMC
DR,4: Pyr-AMC,3,live,19:05,4169,,,2015,MXS,PEEC2015,AMC
DR,4: Pyr-AMC,k,killed,19:05,6535,,,2015,MXS,PEEC2015,AMC
DR,5: GlyGlyArg-AMC,1,live,19:06,12753,,,2015,MXS,PEEC2015,AMC
DR,5: GlyGlyArg-AMC,2,live,19:06,12910,,,2015,MXS,PEEC2015,AMC
DR,5: GlyGlyArg-AMC,3,live,19:06,13400,,,2015,MXS,PEEC2015,AMC
DR,5: GlyGlyArg-AMC,k,killed,19:06,6267,,,2015,MXS,PEEC2015,AMC
DR,1: Arg-AMC,1,live,19:42,11715,,,2015,MXS,PEEC2015,AMC
DR,1: Arg-AMC,2,live,19:42,11494,,,2015,MXS,PEEC2015,AMC
DR,1: Arg-AMC,3,live,19:42,11716,,,2015,MXS,PEEC2015,AMC
DR,1: Arg-AMC,k,killed,19:42,5656,,,2015,MXS,PEEC2015,AMC
DR,2: Gly-AMC,1,live,19:43,4824,,,2015,MXS,PEEC2015,AMC
DR,2: Gly-AMC,2,live,19:43,5902,,,2015,MXS,PEEC2015,AMC
DR,2: Gly-AMC,3,live,19:43,4424,,,2015,MXS,PEEC2015,AMC
DR,2: Gly-AMC,k,killed,19:43,3157,,,2015,MXS,PEEC2015,AMC
DR,3: Leu-AMC,1,live,19:44,19196,,,2015,MXS,PEEC2015,AMC
DR,3: Leu-AMC,2,live,19:44,19334,,,2015,MXS,PEEC2015,AMC
DR,3: Leu-AMC,3,live,19:44,19549,,,2015,MXS,PEEC2015,AMC
DR,3: Leu-AMC,k,killed,19:44,4615,,,2015,MXS,PEEC2015,AMC
DR,4: Pyr-AMC,1,live,19:45,5412,,,2015,MXS,PEEC2015,AMC
DR,4: Pyr-AMC,2,live,19:45,6031,,,2015,MXS,PEEC2015,AMC
DR,4: Pyr-AMC,3,live,19:45,5494,,,2015,MXS,PEEC2015,AMC
DR,4: Pyr-AMC,k,killed,19:45,5320,,,2015,MXS,PEEC2015,AMC
DR,5: GlyGlyArg-AMC,1,live,19:46,19812,,,2015,MXS,PEEC2015,AMC
DR,5: GlyGlyArg-AMC,2,live,19:46,20474,,,2015,MXS,PEEC2015,AMC
DR,5: GlyGlyArg-AMC,3,live,19:46,20769,,,2015,MXS,PEEC2015,AMC
DR,5: GlyGlyArg-AMC,k,killed,19:46,6757,,,2015,MXS,PEEC2015,AMC
DR,1: Arg-AMC,1,live,20:04,12873,,,2015,MXS,PEEC2015,AMC
DR,1: Arg-AMC,2,live,20:05,12706,,,2015,MXS,PEEC2015,AMC
DR,1: Arg-AMC,3,live,20:05,12774,,,2015,MXS,PEEC2015,AMC
DR,1: Arg-AMC,k,killed,20:05,5688,,,2015,MXS,PEEC2015,AMC
DR,2: Gly-AMC,1,live,20:05,5287,,,2015,MXS,PEEC2015,AMC
DR,2: Gly-AMC,2,live,20:06,6408,,,2015,MXS,PEEC2015,AMC
DR,2: Gly-AMC,3,live,20:06,4737,,,2015,MXS,PEEC2015,AMC
DR,2: Gly-AMC,k,killed,20:06,3215,,,2015,MXS,PEEC2015,AMC
DR,3: Leu-AMC,1,live,20:06,22370,,,2015,MXS,PEEC2015,AMC
DR,3: Leu-AMC,2,live,20:07,22295,,,2015,MXS,PEEC2015,AMC
DR,3: Leu-AMC,3,live,20:07,22570,,,2015,MXS,PEEC2015,AMC
DR,3: Leu-AMC,k,killed,20:07,4615,,,2015,MXS,PEEC2015,AMC
DR,4: Pyr-AMC,1,live,20:07,5936,,,2015,MXS,PEEC2015,AMC
DR,4: Pyr-AMC,2,live,20:08,5838,,,2015,MXS,PEEC2015,AMC
DR,4: Pyr-AMC,3,live,20:08,5748,,,2015,MXS,PEEC2015,AMC
DR,4: Pyr-AMC,k,killed,20:08,4966,,,2015,MXS,PEEC2015,AMC
DR,5: GlyGlyArg-AMC,1,live,20:08,23799,,,2015,MXS,PEEC2015,AMC
DR,5: GlyGlyArg-AMC,2,live,20:09,24509,,,2015,MXS,PEEC2015,AMC
DR,5: GlyGlyArg-AMC,3,live,20:09,24843,,,2015,MXS,PEEC2015,AMC
DR,5: GlyGlyArg-AMC,k,killed,20:09,6704,,,2015,MXS,PEEC2015,AMC
FP,1: Arg-AMC,1,live,14:53,201432,,,2015,UT2,PEEC2015,AMC
FP,1: Arg-AMC,2,live,14:55,203136,,,2015,UT2,PEEC2015,AMC
FP,1: Arg-AMC,3,live,14:55,202701,,,2015,UT2,PEEC2015,AMC
FP,1: Arg-AMC,k,killed,14:56,190102,,,2015,UT2,PEEC2015,AMC
FP,2: Gly-AMC,1,live,14:56,236379,,,2015,UT2,PEEC2015,AMC
FP,2: Gly-AMC,2,live,14:57,177501,,,2015,UT2,PEEC2015,AMC
FP,2: Gly-AMC,3,live,14:57,188598,,,2015,UT2,PEEC2015,AMC
FP,2: Gly-AMC,k,killed,14:57,187717,,,2015,UT2,PEEC2015,AMC
FP,3: Leu-AMC,1,live,14:58,202875,,,2015,UT2,PEEC2015,AMC
FP,3: Leu-AMC,2,live,14:58,207473,,,2015,UT2,PEEC2015,AMC
FP,3: Leu-AMC,3,live,14:58,210178,,,2015,UT2,PEEC2015,AMC
FP,3: Leu-AMC,k,killed,14:59,152541,,,2015,UT2,PEEC2015,AMC
FP,4: Pyr-AMC,1,live,14:59,221605,,,2015,UT2,PEEC2015,AMC
FP,4: Pyr-AMC,2,live,15:00,226857,,,2015,UT2,PEEC2015,AMC
FP,4: Pyr-AMC,3,live,15:00,229779,,,2015,UT2,PEEC2015,AMC
FP,4: Pyr-AMC,k,killed,15:00,221515,,,2015,UT2,PEEC2015,AMC
FP,5: GlyGlyArg-AMC,1,live,15:01,309468,,,2015,UT2,PEEC2015,AMC
FP,5: GlyGlyArg-AMC,2,live,15:01,309623,,,2015,UT2,PEEC2015,AMC
FP,5: GlyGlyArg-AMC,3,live,15:01,321581,,,2015,UT2,PEEC2015,AMC
FP,5: GlyGlyArg-AMC,k,killed,15:02,276078,,,2015,UT2,PEEC2015,AMC
FP,1: Arg-AMC,1,live,15:30,223060,,,2015,UT2,PEEC2015,AMC
FP,1: Arg-AMC,2,live,15:30,224615,,,2015,UT2,PEEC2015,AMC
FP,1: Arg-AMC,3,live,15:31,224375,,,2015,UT2,PEEC2015,AMC
FP,1: Arg-AMC,k,killed,15:31,177435,,,2015,UT2,PEEC2015,AMC
FP,2: Gly-AMC,1,live,15:32,236826,,,2015,UT2,PEEC2015,AMC
FP,2: Gly-AMC,2,live,15:32,177204,,,2015,UT2,PEEC2015,AMC
FP,2: Gly-AMC,3,live,15:33,179124,,,2015,UT2,PEEC2015,AMC
FP,2: Gly-AMC,k,killed,15:33,186421,,,2015,UT2,PEEC2015,AMC
FP,3: Leu-AMC,1,live,15:33,284805,,,2015,UT2,PEEC2015,AMC
FP,3: Leu-AMC,2,live,15:34,304426,,,2015,UT2,PEEC2015,AMC
FP,3: Leu-AMC,3,live,15:34,290098,,,2015,UT2,PEEC2015,AMC
FP,3: Leu-AMC,k,killed,15:34,140496,,,2015,UT2,PEEC2015,AMC
FP,4: Pyr-AMC,1,live,15:35,204517,,,2015,UT2,PEEC2015,AMC
FP,4: Pyr-AMC,2,live,15:35,205610,,,2015,UT2,PEEC2015,AMC
FP,4: Pyr-AMC,3,live,15:36,210117,,,2015,UT2,PEEC2015,AMC
FP,4: Pyr-AMC,k,killed,15:36,204893,,,2015,UT2,PEEC2015,AMC
FP,5: GlyGlyArg-AMC,1,live,15:37,346723,,,2015,UT2,PEEC2015,AMC
FP,5: GlyGlyArg-AMC,2,live,15:37,344723,,,2015,UT2,PEEC2015,AMC
FP,5: GlyGlyArg-AMC,3,live,15:38,365836,,,2015,UT2,PEEC2015,AMC
FP,5: GlyGlyArg-AMC,k,killed,15:38,259591,,,2015,UT2,PEEC2015,AMC
FP,1: Arg-AMC,1,live,15:59,280335,,,2015,UT2,PEEC2015,AMC
FP,1: Arg-AMC,2,live,16:00,282445,,,2015,UT2,PEEC2015,AMC
FP,1: Arg-AMC,3,live,16:01,284791,,,2015,UT2,PEEC2015,AMC
FP,1: Arg-AMC,k,killed,16:01,190263,,,2015,UT2,PEEC2015,AMC
FP,2: Gly-AMC,1,live,16:01,302757,,,2015,UT2,PEEC2015,AMC
FP,2: Gly-AMC,2,live,16:02,237646,,,2015,UT2,PEEC2015,AMC
FP,2: Gly-AMC,3,live,16:02,256686,,,2015,UT2,PEEC2015,AMC
FP,2: Gly-AMC,k,killed,16:02,187691,,,2015,UT2,PEEC2015,AMC
FP,3: Leu-AMC,1,live,16:03,421828,,,2015,UT2,PEEC2015,AMC
FP,3: Leu-AMC,2,live,16:03,440267,,,2015,UT2,PEEC2015,AMC
FP,3: Leu-AMC,3,live,16:03,431075,,,2015,UT2,PEEC2015,AMC
FP,3: Leu-AMC,k,killed,16:03,151397,,,2015,UT2,PEEC2015,AMC
FP,4: Pyr-AMC,1,live,16:04,229464,,,2015,UT2,PEEC2015,AMC
FP,4: Pyr-AMC,2,live,16:04,229570,,,2015,UT2,PEEC2015,AMC
FP,4: Pyr-AMC,3,live,16:05,223528,,,2015,UT2,PEEC2015,AMC
FP,4: Pyr-AMC,k,killed,16:05,227220,,,2015,UT2,PEEC2015,AMC
FP,5: GlyGlyArg-AMC,1,live,16:06,422962,,,2015,UT2,PEEC2015,AMC
FP,5: GlyGlyArg-AMC,2,live,16:06,423584,,,2015,UT2,PEEC2015,AMC
FP,5: GlyGlyArg-AMC,3,live,16:06,440556,,,2015,UT2,PEEC2015,AMC
FP,5: GlyGlyArg-AMC,k,killed,16:06,270692,,,2015,UT2,PEEC2015,AMC
FP,1: Arg-AMC,1,live,16:34,327446,,,2015,UT2,PEEC2015,AMC
FP,1: Arg-AMC,2,live,16:35,326198,,,2015,UT2,PEEC2015,AMC
FP,1: Arg-AMC,3,live,16:35,330611,,,2015,UT2,PEEC2015,AMC
FP,1: Arg-AMC,k,killed,16:36,192542,,,2015,UT2,PEEC2015,AMC
FP,2: Gly-AMC,1,live,16:37,340350,,,2015,UT2,PEEC2015,AMC
FP,2: Gly-AMC,2,live,16:37,267960,,,2015,UT2,PEEC2015,AMC
FP,2: Gly-AMC,3,live,16:38,288917,,,2015,UT2,PEEC2015,AMC
FP,2: Gly-AMC,k,killed,16:38,189973,,,2015,UT2,PEEC2015,AMC
FP,3: Leu-AMC,1,live,16:38,540889,,,2015,UT2,PEEC2015,AMC
FP,3: Leu-AMC,2,live,16:39,559566,,,2015,UT2,PEEC2015,AMC
FP,3: Leu-AMC,3,live,16:39,547932,,,2015,UT2,PEEC2015,AMC
FP,3: Leu-AMC,k,killed,16:39,151208,,,2015,UT2,PEEC2015,AMC
FP,4: Pyr-AMC,1,live,16:40,234288,,,2015,UT2,PEEC2015,AMC
FP,4: Pyr-AMC,2,live,16:40,234107,,,2015,UT2,PEEC2015,AMC
FP,4: Pyr-AMC,3,live,16:40,236230,,,2015,UT2,PEEC2015,AMC
FP,4: Pyr-AMC,k,killed,16:41,278764,,,2015,UT2,PEEC2015,AMC
FP,5: GlyGlyArg-AMC,1,live,16:41,490427,,,2015,UT2,PEEC2015,AMC
FP,5: GlyGlyArg-AMC,2,live,16:41,483053,,,2015,UT2,PEEC2015,AMC
FP,5: GlyGlyArg-AMC,3,live,16:42,504049,,,2015,UT2,PEEC2015,AMC
LL,1: Arg-AMC,1,live,10:16,6208,357.8,,2015,MXS,PEEC2015,AMC
LL,1: Arg-AMC,2,live,10:17,6081,357.8,,2015,MXS,PEEC2015,AMC
LL,1: Arg-AMC,3,live,10:17,6165,357.8,,2015,MXS,PEEC2015,AMC
LL,1: Arg-AMC,k,killed,10:17,5364,357.8,,2015,MXS,PEEC2015,AMC
LL,2: Gly-AMC,1,live,10:18,2190,357.3,,2015,MXS,PEEC2015,AMC
LL,2: Gly-AMC,2,live,10:18,2386,357.3,,2015,MXS,PEEC2015,AMC
LL,2: Gly-AMC,3,live,10:19,2336,357.3,,2015,MXS,PEEC2015,AMC
LL,2: Gly-AMC,k,killed,10:19,2204,357.3,,2015,MXS,PEEC2015,AMC
LL,3: Leu-AMC,1,live,10:19,6861,354.1,,2015,MXS,PEEC2015,AMC
LL,3: Leu-AMC,2,live,10:20,6787,354.1,,2015,MXS,PEEC2015,AMC
LL,3: Leu-AMC,3,live,10:20,8499,354.1,,2015,MXS,PEEC2015,AMC
LL,3: Leu-AMC,k,killed,10:20,4847,354.1,,2015,MXS,PEEC2015,AMC
LL,4: Pyr-AMC,1,live,10:21,7066,354.2,,2015,MXS,PEEC2015,AMC
LL,4: Pyr-AMC,2,live,10:21,7282,354.2,,2015,MXS,PEEC2015,AMC
LL,4: Pyr-AMC,3,live,10:22,6569,354.2,,2015,MXS,PEEC2015,AMC
LL,4: Pyr-AMC,k,killed,10:22,4852,354.2,,2015,MXS,PEEC2015,AMC
LL,5: GlyGlyArg-AMC,1,live,10:23,6540,353.5,,2015,MXS,PEEC2015,AMC
LL,5: GlyGlyArg-AMC,2,live,10:23,6647,353.5,,2015,MXS,PEEC2015,AMC
LL,5: GlyGlyArg-AMC,3,live,10:23,6697,353.5,,2015,MXS,PEEC2015,AMC
LL,5: GlyGlyArg-AMC,k,killed,10:24,5290,353.5,,2015,MXS,PEEC2015,AMC
LL,1: Arg-AMC,1,live,10:31,6753,354.5,,2015,MXS,PEEC2015,AMC
LL,1: Arg-AMC,2,live,10:31,6606,354.5,,2015,MXS,PEEC2015,AMC
LL,1: Arg-AMC,3,live,10:32,6727,354.5,,2015,MXS,PEEC2015,AMC
LL,1: Arg-AMC,k,killed,10:32,5459,354.5,,2015,MXS,PEEC2015,AMC
LL,2: Gly-AMC,1,live,10:32,2428,353.8,,2015,MXS,PEEC2015,AMC
LL,2: Gly-AMC,2,live,10:33,2634,353.8,,2015,MXS,PEEC2015,AMC
LL,2: Gly-AMC,3,live,10:33,2582,353.8,,2015,MXS,PEEC2015,AMC
LL,2: Gly-AMC,k,killed,10:33,2165,353.8,,2015,MXS,PEEC2015,AMC
LL,3: Leu-AMC,1,live,10:34,8574,353.9,,2015,MXS,PEEC2015,AMC
LL,3: Leu-AMC,2,live,10:34,8678,353.9,,2015,MXS,PEEC2015,AMC
LL,3: Leu-AMC,3,live,10:35,10541,353.9,,2015,MXS,PEEC2015,AMC
LL,3: Leu-AMC,k,killed,10:35,4718,353.9,,2015,MXS,PEEC2015,AMC
LL,4: Pyr-AMC,1,live,10:35,6798,353,,2015,MXS,PEEC2015,AMC
LL,4: Pyr-AMC,2,live,10:36,7039,353,,2015,MXS,PEEC2015,AMC
LL,4: Pyr-AMC,3,live,10:36,6176,353,,2015,MXS,PEEC2015,AMC
LL,4: Pyr-AMC,k,killed,10:36,4888,353,,2015,MXS,PEEC2015,AMC
LL,5: GlyGlyArg-AMC,1,live,10:38,7126,353.3,,2015,MXS,PEEC2015,AMC
LL,5: GlyGlyArg-AMC,2,live,10:38,7215,353.3,,2015,MXS,PEEC2015,AMC
LL,5: GlyGlyArg-AMC,3,live,10:39,7341,353.3,,2015,MXS,PEEC2015,AMC
LL,5: GlyGlyArg-AMC,k,killed,10:39,5287,353.3,,2015,MXS,PEEC2015,AMC
LL,1: Arg-AMC,1,live,10:46,7268,353.3,,2015,MXS,PEEC2015,AMC
LL,1: Arg-AMC,2,live,10:46,7216,353.3,,2015,MXS,PEEC2015,AMC
LL,1: Arg-AMC,3,live,10:46,7213,353.3,,2015,MXS,PEEC2015,AMC
LL,1: Arg-AMC,k,killed,10:47,5453,353.3,,2015,MXS,PEEC2015,AMC
LL,2: Gly-AMC,1,live,10:47,2671,353.3,,2015,MXS,PEEC2015,AMC
LL,2: Gly-AMC,2,live,10:47,2850,353.3,,2015,MXS,PEEC2015,AMC
LL,2: Gly-AMC,3,live,10:47,2773,353.3,,2015,MXS,PEEC2015,AMC
LL,2: Gly-AMC,k,killed,10:48,2134,353.3,,2015,MXS,PEEC2015,AMC
LL,3: Leu-AMC,1,live,10:48,10534,353.3,,2015,MXS,PEEC2015,AMC
LL,3: Leu-AMC,2,live,10:49,10706,353.3,,2015,MXS,PEEC2015,AMC
LL,3: Leu-AMC,3,live,10:49,12634,353.3,,2015,MXS,PEEC2015,AMC
LL,3: Leu-AMC,k,killed,10:49,4685,353.3,,2015,MXS,PEEC2015,AMC
LL,4: Pyr-AMC,1,live,10:50,6685,353.3,,2015,MXS,PEEC2015,AMC
LL,4: Pyr-AMC,2,live,10:50,6946,353.3,,2015,MXS,PEEC2015,AMC
LL,4: Pyr-AMC,3,live,10:50,6241,353.3,,2015,MXS,PEEC2015,AMC
LL,4: Pyr-AMC,k,killed,10:50,4880,353.3,,2015,MXS,PEEC2015,AMC
LL,5: GlyGlyArg-AMC,1,live,10:51,7641,353.3,,2015,MXS,PEEC2015,AMC
LL,5: GlyGlyArg-AMC,2,live,10:52,7644,353.3,,2015,MXS,PEEC2015,AMC
LL,5: GlyGlyArg-AMC,3,live,10:52,7818,353.3,,2015,MXS,PEEC2015,AMC
LL,5: GlyGlyArg-AMC,k,killed,10:52,5245,353.3,,2015,MXS,PEEC2015,AMC
LL,1: Arg-AMC,1,live,11:01,7868,353.3,,2015,MXS,PEEC2015,AMC
LL,1: Arg-AMC,2,live,11:01,7786,353.3,,2015,MXS,PEEC2015,AMC
LL,1: Arg-AMC,3,live,11:02,7911,353.3,,2015,MXS,PEEC2015,AMC
LL,1: Arg-AMC,k,killed,11:02,5405,353.3,,2015,MXS,PEEC2015,AMC
LL,2: Gly-AMC,1,live,11:02,2901,353.3,,2015,MXS,PEEC2015,AMC
LL,2: Gly-AMC,2,live,11:03,3091,353.3,,2015,MXS,PEEC2015,AMC
LL,2: Gly-AMC,3,live,11:03,3038,353.3,,2015,MXS,PEEC2015,AMC
LL,2: Gly-AMC,k,killed,11:03,2151,353.3,,2015,MXS,PEEC2015,AMC
LL,3: Leu-AMC,1,live,11:04,12510,353.3,,2015,MXS,PEEC2015,AMC
LL,3: Leu-AMC,2,live,11:04,12765,353.3,,2015,MXS,PEEC2015,AMC
LL,3: Leu-AMC,3,live,11:04,14751,353.3,,2015,MXS,PEEC2015,AMC
LL,3: Leu-AMC,k,killed,11:05,4679,353.3,,2015,MXS,PEEC2015,AMC
LL,4: Pyr-AMC,1,live,11:05,6651,353.3,,2015,MXS,PEEC2015,AMC
LL,4: Pyr-AMC,2,live,11:05,7020,353.3,,2015,MXS,PEEC2015,AMC
LL,4: Pyr-AMC,3,live,11:06,6265,353.3,,2015,MXS,PEEC2015,AMC
LL,4: Pyr-AMC,k,killed,11:06,4917,353.3,,2015,MXS,PEEC2015,AMC
LL,5: GlyGlyArg-AMC,1,live,11:06,8260,353.3,,2015,MXS,PEEC2015,AMC
LL,5: GlyGlyArg-AMC,2,live,11:07,8313,353.3,,2015,MXS,PEEC2015,AMC
LL,5: GlyGlyArg-AMC,3,live,11:07,8543,353.3,,2015,MXS,PEEC2015,AMC
LL,5: GlyGlyArg-AMC,k,killed,11:07,5223,353.3,,2015,MXS,PEEC2015,AMC
LL,1: Arg-AMC,1,live,11:16,8455,352.1,,2015,MXS,PEEC2015,AMC
LL,1: Arg-AMC,2,live,11:16,8436,352.1,,2015,MXS,PEEC2015,AMC
LL,1: Arg-AMC,3,live,11:16,8585,352.1,,2015,MXS,PEEC2015,AMC
LL,1: Arg-AMC,k,killed,11:17,5445,352.1,,2015,MXS,PEEC2015,AMC
LL,2: Gly-AMC,1,live,11:17,3112,351.7,,2015,MXS,PEEC2015,AMC
LL,2: Gly-AMC,2,live,11:17,3328,351.7,,2015,MXS,PEEC2015,AMC
LL,2: Gly-AMC,3,live,11:18,3267,351.7,,2015,MXS,PEEC2015,AMC
LL,2: Gly-AMC,k,killed,11:18,2146,351.7,,2015,MXS,PEEC2015,AMC
LL,3: Leu-AMC,1,live,11:18,14487,352.6,,2015,MXS,PEEC2015,AMC
LL,3: Leu-AMC,2,live,11:19,15065,352.6,,2015,MXS,PEEC2015,AMC
LL,3: Leu-AMC,3,live,11:19,16415,352.6,,2015,MXS,PEEC2015,AMC
LL,3: Leu-AMC,k,killed,11:19,4640,352.6,,2015,MXS,PEEC2015,AMC
LL,4: Pyr-AMC,1,live,11:20,6645,352.4,,2015,MXS,PEEC2015,AMC
LL,4: Pyr-AMC,2,live,11:20,6904,352.4,,2015,MXS,PEEC2015,AMC
LL,4: Pyr-AMC,3,live,11:20,6255,352.4,,2015,MXS,PEEC2015,AMC
LL,4: Pyr-AMC,k,killed,11:21,4964,352.4,,2015,MXS,PEEC2015,AMC
LL,5: GlyGlyArg-AMC,1,live,11:21,8730,350.9,,2015,MXS,PEEC2015,AMC
LL,5: GlyGlyArg-AMC,2,live,11:22,8824,350.9,,2015,MXS,PEEC2015,AMC
LL,5: GlyGlyArg-AMC,3,live,11:22,9153,350.9,,2015,MXS,PEEC2015,AMC
LL,5: GlyGlyArg-AMC,k,killed,11:22,5227,350.9,,2015,MXS,PEEC2015,AMC
LL,1: Arg-AMC,1,live,11:31,9130,350.9,,2015,MXS,PEEC2015,AMC
LL,1: Arg-AMC,2,live,11:31,9089,350.9,,2015,MXS,PEEC2015,AMC
LL,1: Arg-AMC,3,live,11:31,9201,350.9,,2015,MXS,PEEC2015,AMC
LL,1: Arg-AMC,k,killed,11:32,5484,350.9,,2015,MXS,PEEC2015,AMC
LL,2: Gly-AMC,1,live,11:32,3342,350.9,,2015,MXS,PEEC2015,AMC
LL,2: Gly-AMC,2,live,11:32,3560,350.9,,2015,MXS,PEEC2015,AMC
LL,2: Gly-AMC,3,live,11:33,3502,350.9,,2015,MXS,PEEC2015,AMC
LL,2: Gly-AMC,k,killed,11:33,2159,350.9,,2015,MXS,PEEC2015,AMC
LL,3: Leu-AMC,1,live,11:33,16148,350.9,,2015,MXS,PEEC2015,AMC
LL,3: Leu-AMC,2,live,11:34,16729,350.9,,2015,MXS,PEEC2015,AMC
LL,3: Leu-AMC,3,live,11:34,18715,350.9,,2015,MXS,PEEC2015,AMC
LL,3: Leu-AMC,k,killed,11:34,4652,350.9,,2015,MXS,PEEC2015,AMC
LL,4: Pyr-AMC,1,live,11:34,6674,350.9,,2015,MXS,PEEC2015,AMC
LL,4: Pyr-AMC,2,live,11:35,7006,350.9,,2015,MXS,PEEC2015,AMC
LL,4: Pyr-AMC,3,live,11:35,6356,350.9,,2015,MXS,PEEC2015,AMC
LL,4: Pyr-AMC,k,killed,11:35,5015,350.9,,2015,MXS,PEEC2015,AMC
LL,5: GlyGlyArg-AMC,1,live,11:36,9400,350.9,,2015,MXS,PEEC2015,AMC
LL,5: GlyGlyArg-AMC,2,live,11:36,9373,350.9,,2015,MXS,PEEC2015,AMC
LL,5: GlyGlyArg-AMC,3,live,11:37,9737,350.9,,2015,MXS,PEEC2015,AMC
LL,5: GlyGlyArg-AMC,k,killed,11:37,5231,350.9,,2015,MXS,PEEC2015,AMC
LL,1: Arg-AMC,1,live,11:47,9842,350.9,,2015,MXS,PEEC2015,AMC
LL,1: Arg-AMC,2,live,11:47,9850,350.9,,2015,MXS,PEEC2015,AMC
LL,1: Arg-AMC,3,live,11:48,9908,350.9,,2015,MXS,PEEC2015,AMC
LL,1: Arg-AMC,k,killed,11:48,5508,350.9,,2015,MXS,PEEC2015,AMC
LL,2: Gly-AMC,1,live,11:48,3631,351.5,,2015,MXS,PEEC2015,AMC
LL,2: Gly-AMC,2,live,11:49,3857,351.5,,2015,MXS,PEEC2015,AMC
LL,2: Gly-AMC,3,live,11:50,3778,351.5,,2015,MXS,PEEC2015,AMC
LL,2: Gly-AMC,k,killed,11:50,2170,351.5,,2015,MXS,PEEC2015,AMC
LL,3: Leu-AMC,1,live,11:50,18630,351.4,,2015,MXS,PEEC2015,AMC
LL,3: Leu-AMC,2,live,11:51,19225,351.4,,2015,MXS,PEEC2015,AMC
LL,3: Leu-AMC,3,live,11:51,20908,351.4,,2015,MXS,PEEC2015,AMC
LL,3: Leu-AMC,k,killed,11:52,4692,351.4,,2015,MXS,PEEC2015,AMC
LL,4: Pyr-AMC,1,live,11:52,6639,351.3,,2015,MXS,PEEC2015,AMC
LL,4: Pyr-AMC,2,live,11:52,7120,351.3,,2015,MXS,PEEC2015,AMC
LL,4: Pyr-AMC,3,live,11:53,6534,351.3,,2015,MXS,PEEC2015,AMC
LL,4: Pyr-AMC,k,killed,11:53,5073,351.3,,2015,MXS,PEEC2015,AMC
LL,5: GlyGlyArg-AMC,1,live,11:53,9971,351.1,,2015,MXS,PEEC2015,AMC
LL,5: GlyGlyArg-AMC,2,live,11:54,10168,351.1,,2015,MXS,PEEC2015,AMC
LL,5: GlyGlyArg-AMC,3,live,11:54,10322,351.1,,2015,MXS,PEEC2015,AMC
LL,5: GlyGlyArg-AMC,k,killed,11:54,5245,351.1,,2015,MXS,PEEC2015,AMC
LL,1: Arg-AMC,1,live,12:03,10590,351.1,,2015,MXS,PEEC2015,AMC
LL,1: Arg-AMC,2,live,12:04,10593,351.1,,2015,MXS,PEEC2015,AMC
LL,1: Arg-AMC,3,live,12:04,10661,351.1,,2015,MXS,PEEC2015,AMC
LL,1: Arg-AMC,k,killed,12:04,5524,351.1,,2015,MXS,PEEC2015,AMC
LL,2: Gly-AMC,1,live,12:04,3854,350.4,,2015,MXS,PEEC2015,AMC
LL,2: Gly-AMC,2,live,12:05,4094,350.4,,2015,MXS,PEEC2015,AMC
LL,2: Gly-AMC,3,live,12:05,4042,350.4,,2015,MXS,PEEC2015,AMC
LL,2: Gly-AMC,k,killed,12:05,3000,350.4,,2015,MXS,PEEC2015,AMC
LL,3: Leu-AMC,1,live,12:06,21234,351.2,,2015,MXS,PEEC2015,AMC
LL,3: Leu-AMC,2,live,12:06,23338,351.2,,2015,MXS,PEEC2015,AMC
LL,3: Leu-AMC,3,live,12:07,4723,351.2,,2015,MXS,PEEC2015,AMC
LL,3: Leu-AMC,k,killed,12:07,6704,351.2,,2015,MXS,PEEC2015,AMC
LL,4: Pyr-AMC,1,live,12:07,7155,350.9,,2015,MXS,PEEC2015,AMC
LL,4: Pyr-AMC,2,live,12:07,6629,350.9,,2015,MXS,PEEC2015,AMC
LL,4: Pyr-AMC,3,live,12:08,5138,350.9,,2015,MXS,PEEC2015,AMC
LL,4: Pyr-AMC,k,killed,12:08,10748,350.9,,2015,MXS,PEEC2015,AMC
LL,5: GlyGlyArg-AMC,1,live,12:08,10750,353.3,,2015,MXS,PEEC2015,AMC
LL,5: GlyGlyArg-AMC,2,live,12:09,11091,353.3,,2015,MXS,PEEC2015,AMC
LL,5: GlyGlyArg-AMC,3,live,12:09,5261,353.3,,2015,MXS,PEEC2015,AMC
LL,5: GlyGlyArg-AMC,k,killed,12:09,5261,353.3,,2015,MXS,PEEC2015,AMC
PP,1: Arg-AMC,1,live,15:08,5751,353.6,,2015,MXS,PEEC2015,AMC
PP,1: Arg-AMC,2,live,15:09,5724,353.6,,2015,MXS,PEEC2015,AMC
PP,1: Arg-AMC,3,live,15:09,5431,353.6,,2015,MXS,PEEC2015,AMC
PP,1: Arg-AMC,k,killed,15:09,5298,353.6,,2015,MXS,PEEC2015,AMC
PP,2: Gly-AMC,1,live,15:10,4591,357.8,,2015,MXS,PEEC2015,AMC
PP,2: Gly-AMC,2,live,15:10,4619,357.8,,2015,MXS,PEEC2015,AMC
PP,2: Gly-AMC,3,live,15:10,4620,357.8,,2015,MXS,PEEC2015,AMC
PP,2: Gly-AMC,k,killed,15:10,4143,357.8,,2015,MXS,PEEC2015,AMC
PP,3: Leu-AMC,1,live,15:11,5606,350.9,,2015,MXS,PEEC2015,AMC
PP,3: Leu-AMC,2,live,15:11,5416,350.9,,2015,MXS,PEEC2015,AMC
PP,3: Leu-AMC,3,live,15:11,5710,350.9,,2015,MXS,PEEC2015,AMC
PP,3: Leu-AMC,k,killed,15:11,4417,350.9,,2015,MXS,PEEC2015,AMC
PP,4: Pyr-AMC,1,live,15:12,4801,350.2,,2015,MXS,PEEC2015,AMC
PP,4: Pyr-AMC,2,live,15:12,4560,350.2,,2015,MXS,PEEC2015,AMC
PP,4: Pyr-AMC,3,live,15:12,4535,350.2,,2015,MXS,PEEC2015,AMC
PP,4: Pyr-AMC,k,killed,15:12,4545,350.2,,2015,MXS,PEEC2015,AMC
PP,5: GlyGlyArg-AMC,1,live,15:13,7163,351,,2015,MXS,PEEC2015,AMC
PP,5: GlyGlyArg-AMC,2,live,15:13,7481,351,,2015,MXS,PEEC2015,AMC
PP,5: GlyGlyArg-AMC,3,live,15:13,7299,351,,2015,MXS,PEEC2015,AMC
PP,5: GlyGlyArg-AMC,k,killed,15:13,5628,351,,2015,MXS,PEEC2015,AMC
PP,1: Arg-AMC,1,live,15:23,6338,350.3,,2015,MXS,PEEC2015,AMC
PP,1: Arg-AMC,2,live,15:23,6609,350.3,,2015,MXS,PEEC2015,AMC
PP,1: Arg-AMC,3,live,15:23,6397,350.3,,2015,MXS,PEEC2015,AMC
PP,1: Arg-AMC,k,killed,15:24,5301,350.3,,2015,MXS,PEEC2015,AMC
PP,2: Gly-AMC,1,live,15:24,5046,350.6,,2015,MXS,PEEC2015,AMC
PP,2: Gly-AMC,2,live,15:24,5151,350.6,,2015,MXS,PEEC2015,AMC
PP,2: Gly-AMC,3,live,15:24,5160,350.6,,2015,MXS,PEEC2015,AMC
PP,2: Gly-AMC,k,killed,15:25,4280,350.6,,2015,MXS,PEEC2015,AMC
PP,3: Leu-AMC,1,live,15:25,7319,350.1,,2015,MXS,PEEC2015,AMC
PP,3: Leu-AMC,2,live,15:25,7309,350.1,,2015,MXS,PEEC2015,AMC
PP,3: Leu-AMC,3,live,15:25,7403,350.1,,2015,MXS,PEEC2015,AMC
PP,3: Leu-AMC,k,killed,15:25,4491,350.1,,2015,MXS,PEEC2015,AMC
PP,4: Pyr-AMC,1,live,15:26,4690,350.2,,2015,MXS,PEEC2015,AMC
PP,4: Pyr-AMC,2,live,15:26,4503,350.2,,2015,MXS,PEEC2015,AMC
PP,4: Pyr-AMC,3,live,15:26,4456,350.2,,2015,MXS,PEEC2015,AMC
PP,4: Pyr-AMC,k,killed,15:27,4506,350.2,,2015,MXS,PEEC2015,AMC
PP,5: GlyGlyArg-AMC,1,live,15:27,9878,349.9,,2015,MXS,PEEC2015,AMC
PP,5: GlyGlyArg-AMC,2,live,15:27,10282,349.9,,2015,MXS,PEEC2015,AMC
PP,5: GlyGlyArg-AMC,3,live,15:27,10030,349.9,,2015,MXS,PEEC2015,AMC
PP,5: GlyGlyArg-AMC,k,killed,15:28,5684,349.9,,2015,MXS,PEEC2015,AMC
PP,1: Arg-AMC,1,live,15:38,7187,349.5,,2015,MXS,PEEC2015,AMC
PP,1: Arg-AMC,2,live,15:38,3742,349.5,,2015,MXS,PEEC2015,AMC
PP,1: Arg-AMC,3,live,15:38,7196,349.5,,2015,MXS,PEEC2015,AMC
PP,1: Arg-AMC,k,killed,15:39,5283,349.5,,2015,MXS,PEEC2015,AMC
PP,2: Gly-AMC,1,live,15:39,5502,348.9,,2015,MXS,PEEC2015,AMC
PP,2: Gly-AMC,2,live,15:39,5597,348.9,,2015,MXS,PEEC2015,AMC
PP,2: Gly-AMC,3,live,15:40,5609,348.9,,2015,MXS,PEEC2015,AMC
PP,2: Gly-AMC,k,killed,15:40,4322,348.9,,2015,MXS,PEEC2015,AMC
PP,3: Leu-AMC,1,live,15:40,9118,348.7,,2015,MXS,PEEC2015,AMC
PP,3: Leu-AMC,2,live,15:40,9023,348.7,,2015,MXS,PEEC2015,AMC
PP,3: Leu-AMC,3,live,15:41,9104,348.7,,2015,MXS,PEEC2015,AMC
PP,3: Leu-AMC,k,killed,15:41,4432,348.7,,2015,MXS,PEEC2015,AMC
PP,4: Pyr-AMC,1,live,15:41,4762,348.5,,2015,MXS,PEEC2015,AMC
PP,4: Pyr-AMC,2,live,15:41,4504,348.5,,2015,MXS,PEEC2015,AMC
PP,4: Pyr-AMC,3,live,15:42,4531,348.5,,2015,MXS,PEEC2015,AMC
PP,4: Pyr-AMC,k,killed,15:42,4546,348.5,,2015,MXS,PEEC2015,AMC
PP,5: GlyGlyArg-AMC,1,live,15:42,12852,350.7,,2015,MXS,PEEC2015,AMC
PP,5: GlyGlyArg-AMC,2,live,15:42,13396,350.7,,2015,MXS,PEEC2015,AMC
PP,5: GlyGlyArg-AMC,3,live,15:43,12840,350.7,,2015,MXS,PEEC2015,AMC
PP,5: GlyGlyArg-AMC,k,killed,15:43,5710,350.7,,2015,MXS,PEEC2015,AMC
PP,1: Arg-AMC,1,live,15:53,7899,352.4,,2015,MXS,PEEC2015,AMC
PP,1: Arg-AMC,2,live,15:53,8140,352.4,,2015,MXS,PEEC2015,AMC
PP,1: Arg-AMC,3,live,15:53,8027,352.4,,2015,MXS,PEEC2015,AMC
PP,1: Arg-AMC,k,killed,15:54,5168,352.4,,2015,MXS,PEEC2015,AMC
PP,2: Gly-AMC,1,live,15:54,5943,349.4,,2015,MXS,PEEC2015,AMC
PP,2: Gly-AMC,2,live,15:54,6039,349.4,,2015,MXS,PEEC2015,AMC
PP,2: Gly-AMC,3,live,15:54,5992,349.4,,2015,MXS,PEEC2015,AMC
PP,2: Gly-AMC,k,killed,15:55,4364,349.4,,2015,MXS,PEEC2015,AMC
PP,3: Leu-AMC,1,live,15:55,10914,349,,2015,MXS,PEEC2015,AMC
PP,3: Leu-AMC,2,live,15:55,10730,349,,2015,MXS,PEEC2015,AMC
PP,3: Leu-AMC,3,live,15:55,10843,349,,2015,MXS,PEEC2015,AMC
PP,3: Leu-AMC,k,killed,15:56,4526,349,,2015,MXS,PEEC2015,AMC
PP,4: Pyr-AMC,1,live,15:56,4833,349,,2015,MXS,PEEC2015,AMC
PP,4: Pyr-AMC,2,live,15:56,4570,349,,2015,MXS,PEEC2015,AMC
PP,4: Pyr-AMC,3,live,15:56,4687,349,,2015,MXS,PEEC2015,AMC
PP,4: Pyr-AMC,k,killed,15:57,4459,349,,2015,MXS,PEEC2015,AMC
PP,5: GlyGlyArg-AMC,1,live,15:57,15796,353.7,,2015,MXS,PEEC2015,AMC
PP,5: GlyGlyArg-AMC,2,live,15:57,16585,353.7,,2015,MXS,PEEC2015,AMC
PP,5: GlyGlyArg-AMC,3,live,15:57,15814,353.7,,2015,MXS,PEEC2015,AMC
PP,5: GlyGlyArg-AMC,k,killed,15:58,5735,353.7,,2015,MXS,PEEC2015,AMC
PP,1: Arg-AMC,1,live,16:11,8814,349.2,,2015,MXS,PEEC2015,AMC
PP,1: Arg-AMC,2,live,16:11,9131,349.2,,2015,MXS,PEEC2015,AMC
PP,1: Arg-AMC,3,live,16:11,9066,349.2,,2015,MXS,PEEC2015,AMC
PP,1: Arg-AMC,k,killed,16:12,5336,349.2,,2015,MXS,PEEC2015,AMC
PP,2: Gly-AMC,1,live,16:12,6440,348.5,,2015,MXS,PEEC2015,AMC
PP,2: Gly-AMC,2,live,16:12,6487,348.5,,2015,MXS,PEEC2015,AMC
PP,2: Gly-AMC,3,live,16:12,6407,348.5,,2015,MXS,PEEC2015,AMC
PP,2: Gly-AMC,k,killed,16:12,4438,348.5,,2015,MXS,PEEC2015,AMC
PP,3: Leu-AMC,1,live,16:13,13108,348.4,,2015,MXS,PEEC2015,AMC
PP,3: Leu-AMC,2,live,16:13,12882,348.4,,2015,MXS,PEEC2015,AMC
PP,3: Leu-AMC,3,live,16:13,12853,348.4,,2015,MXS,PEEC2015,AMC
PP,3: Leu-AMC,k,killed,16:14,4550,348.4,,2015,MXS,PEEC2015,AMC
PP,4: Pyr-AMC,1,live,16:14,4944,349.3,,2015,MXS,PEEC2015,AMC
PP,4: Pyr-AMC,2,live,16:14,4810,349.3,,2015,MXS,PEEC2015,AMC
PP,4: Pyr-AMC,3,live,16:14,4769,349.3,,2015,MXS,PEEC2015,AMC
PP,4: Pyr-AMC,k,killed,16:15,4656,349.3,,2015,MXS,PEEC2015,AMC
PP,5: GlyGlyArg-AMC,1,live,16:15,19367,349.3,,2015,MXS,PEEC2015,AMC
PP,5: GlyGlyArg-AMC,2,live,16:15,20013,349.3,,2015,MXS,PEEC2015,AMC
PP,5: GlyGlyArg-AMC,3,live,16:15,19173,349.3,,2015,MXS,PEEC2015,AMC
PP,5: GlyGlyArg-AMC,k,killed,16:16,5781,349.3,,2015,MXS,PEEC2015,AMC
PP,1: Arg-AMC,1,live,16:26,9713,350.9,,2015,MXS,PEEC2015,AMC
PP,1: Arg-AMC,2,live,16:27,9987,350.9,,2015,MXS,PEEC2015,AMC
PP,1: Arg-AMC,3,live,16:27,9903,350.9,,2015,MXS,PEEC2015,AMC
PP,1: Arg-AMC,k,killed,16:27,5288,350.9,,2015,MXS,PEEC2015,AMC
PP,2: Gly-AMC,1,live,16:28,6825,348.4,,2015,MXS,PEEC2015,AMC
PP,2: Gly-AMC,2,live,16:28,6952,348.4,,2015,MXS,PEEC2015,AMC
PP,2: Gly-AMC,3,live,16:28,6855,348.4,,2015,MXS,PEEC2015,AMC
PP,2: Gly-AMC,k,killed,16:28,4497,348.4,,2015,MXS,PEEC2015,AMC
PP,3: Leu-AMC,1,live,16:29,15128,348.4,,2015,MXS,PEEC2015,AMC
PP,3: Leu-AMC,2,live,16:29,14563,348.4,,2015,MXS,PEEC2015,AMC
PP,3: Leu-AMC,3,live,16:29,14375,348.4,,2015,MXS,PEEC2015,AMC
PP,3: Leu-AMC,k,killed,16:30,4628,348.4,,2015,MXS,PEEC2015,AMC
PP,4: Pyr-AMC,1,live,16:30,5046,348.4,,2015,MXS,PEEC2015,AMC
PP,4: Pyr-AMC,2,live,16:30,4851,348.4,,2015,MXS,PEEC2015,AMC
PP,4: Pyr-AMC,3,live,16:30,4867,348.4,,2015,MXS,PEEC2015,AMC
PP,4: Pyr-AMC,k,killed,16:31,4518,348.4,,2015,MXS,PEEC2015,AMC
PP,5: GlyGlyArg-AMC,1,live,16:31,22390,348.4,,2015,MXS,PEEC2015,AMC
PP,5: GlyGlyArg-AMC,2,live,16:31,23355,348.4,,2015,MXS,PEEC2015,AMC
PP,5: GlyGlyArg-AMC,3,live,16:32,22125,348.4,,2015,MXS,PEEC2015,AMC
PP,5: GlyGlyArg-AMC,k,killed,16:32,5878,348.4,,2015,MXS,PEEC2015,AMC
PP,1: Arg-AMC,1,live,16:41,10405,348.4,,2015,MXS,PEEC2015,AMC
PP,1: Arg-AMC,2,live,16:41,10594,348.4,,2015,MXS,PEEC2015,AMC
PP,1: Arg-AMC,3,live,16:41,10485,348.4,,2015,MXS,PEEC2015,AMC
PP,1: Arg-AMC,k,killed,16:42,5335,348.4,,2015,MXS,PEEC2015,AMC
PP,2: Gly-AMC,1,live,16:42,7268,347.7,,2015,MXS,PEEC2015,AMC
PP,2: Gly-AMC,2,live,16:42,7197,347.7,,2015,MXS,PEEC2015,AMC
PP,2: Gly-AMC,3,live,16:42,7214,347.7,,2015,MXS,PEEC2015,AMC
PP,2: Gly-AMC,k,killed,16:43,4547,347.7,,2015,MXS,PEEC2015,AMC
PP,3: Leu-AMC,1,live,16:43,16875,347.7,,2015,MXS,PEEC2015,AMC
PP,3: Leu-AMC,2,live,16:43,16368,347.7,,2015,MXS,PEEC2015,AMC
PP,3: Leu-AMC,3,live,16:43,15960,347.7,,2015,MXS,PEEC2015,AMC
PP,3: Leu-AMC,k,killed,16:44,4666,347.7,,2015,MXS,PEEC2015,AMC
PP,4: Pyr-AMC,1,live,16:44,5082,348.1,,2015,MXS,PEEC2015,AMC
PP,4: Pyr-AMC,2,live,16:44,4920,348.1,,2015,MXS,PEEC2015,AMC
PP,4: Pyr-AMC,3,live,16:44,4931,348.1,,2015,MXS,PEEC2015,AMC
PP,4: Pyr-AMC,k,killed,16:45,4767,348.1,,2015,MXS,PEEC2015,AMC
PP,5: GlyGlyArg-AMC,1,live,16:45,25304,348.1,,2015,MXS,PEEC2015,AMC
PP,5: GlyGlyArg-AMC,2,live,16:45,26621,348.1,,2015,MXS,PEEC2015,AMC
PP,5: GlyGlyArg-AMC,3,live,16:45,24991,348.1,,2015,MXS,PEEC2015,AMC
PP,5: GlyGlyArg-AMC,k,killed,16:46,5900,348.1,,2015,MXS,PEEC2015,AMC
TW,1: Arg-AMC,1,live,10:37,32962,,69,2015,UT2,PEEC2015,AMC
TW,1: Arg-AMC,2,live,10:38,47989,,69,2015,UT2,PEEC2015,AMC
TW,1: Arg-AMC,3,live,10:38,43489,,69,2015,UT2,PEEC2015,AMC
TW,1: Arg-AMC,k,killed,10:38,40899,,69,2015,UT2,PEEC2015,AMC
TW,2: Gly-AMC,1,live,10:39,15438,,69,2015,UT2,PEEC2015,AMC
TW,2: Gly-AMC,2,live,10:39,19486,,69,2015,UT2,PEEC2015,AMC
TW,2: Gly-AMC,3,live,10:40,26763,,69,2015,UT2,PEEC2015,AMC
TW,2: Gly-AMC,k,killed,10:40,15081,,69,2015,UT2,PEEC2015,AMC
TW,3: Leu-AMC,1,live,10:40,39904,,69,2015,UT2,PEEC2015,AMC
TW,3: Leu-AMC,2,live,10:41,39529,,69,2015,UT2,PEEC2015,AMC
TW,3: Leu-AMC,3,live,10:41,39043,,69,2015,UT2,PEEC2015,AMC
TW,3: Leu-AMC,k,killed,10:41,27602,,69,2015,UT2,PEEC2015,AMC
TW,4: Pyr-AMC,1,live,10:41,52710,,69,2015,UT2,PEEC2015,AMC
TW,4: Pyr-AMC,2,live,10:41,51848,,69,2015,UT2,PEEC2015,AMC
TW,4: Pyr-AMC,3,live,10:42,64872,,69,2015,UT2,PEEC2015,AMC
TW,4: Pyr-AMC,k,killed,10:42,53895,,69,2015,UT2,PEEC2015,AMC
TW,5: GlyGlyArg-AMC,1,live,10:42,62380,,69,2015,UT2,PEEC2015,AMC
TW,5: GlyGlyArg-AMC,2,live,10:42,92548,,69,2015,UT2,PEEC2015,AMC
TW,5: GlyGlyArg-AMC,3,live,10:43,87269,,69,2015,UT2,PEEC2015,AMC
TW,5: GlyGlyArg-AMC,k,killed,10:43,43088,,69,2015,UT2,PEEC2015,AMC
TW,1: Arg-AMC,1,live,10:53,36054,,67,2015,UT2,PEEC2015,AMC
TW,1: Arg-AMC,2,live,10:53,52200,,67,2015,UT2,PEEC2015,AMC
TW,1: Arg-AMC,3,live,10:54,47478,,67,2015,UT2,PEEC2015,AMC
TW,1: Arg-AMC,k,killed,10:54,41101,,67,2015,UT2,PEEC2015,AMC
TW,2: Gly-AMC,1,live,10:54,16159,,67,2015,UT2,PEEC2015,AMC
TW,2: Gly-AMC,2,live,10:54,21228,,67,2015,UT2,PEEC2015,AMC
TW,2: Gly-AMC,3,live,10:54,31769,,67,2015,UT2,PEEC2015,AMC
TW,2: Gly-AMC,k,killed,10:55,15708,,67,2015,UT2,PEEC2015,AMC
TW,3: Leu-AMC,1,live,10:55,37889,,67,2015,UT2,PEEC2015,AMC
TW,3: Leu-AMC,2,live,10:55,44744,,67,2015,UT2,PEEC2015,AMC
TW,3: Leu-AMC,3,live,10:55,44264,,67,2015,UT2,PEEC2015,AMC
TW,3: Leu-AMC,k,killed,10:56,27376,,67,2015,UT2,PEEC2015,AMC
TW,4: Pyr-AMC,1,live,10:56,44760,,67,2015,UT2,PEEC2015,AMC
TW,4: Pyr-AMC,2,live,10:56,51890,,67,2015,UT2,PEEC2015,AMC
TW,4: Pyr-AMC,3,live,10:56,63516,,67,2015,UT2,PEEC2015,AMC
TW,4: Pyr-AMC,k,killed,10:56,54034,,67,2015,UT2,PEEC2015,AMC
TW,5: GlyGlyArg-AMC,1,live,10:57,99268,,67,2015,UT2,PEEC2015,AMC
TW,5: GlyGlyArg-AMC,2,live,10:57,111965,,67,2015,UT2,PEEC2015,AMC
TW,5: GlyGlyArg-AMC,3,live,10:57,135309,,67,2015,UT2,PEEC2015,AMC
TW,5: GlyGlyArg-AMC,k,killed,10:58,41070,,67,2015,UT2,PEEC2015,AMC
TW,1: Arg-AMC,1,live,11:08,39302,,68,2015,UT2,PEEC2015,AMC
TW,1: Arg-AMC,2,live,11:09,56671,,68,2015,UT2,PEEC2015,AMC
TW,1: Arg-AMC,3,live,11:09,52375,,68,2015,UT2,PEEC2015,AMC
TW,1: Arg-AMC,k,killed,11:10,41486,,68,2015,UT2,PEEC2015,AMC
TW,2: Gly-AMC,1,live,11:10,15120,,69,2015,UT2,PEEC2015,AMC
TW,2: Gly-AMC,2,live,11:10,22817,,69,2015,UT2,PEEC2015,AMC
TW,2: Gly-AMC,3,live,11:11,29173,,69,2015,UT2,PEEC2015,AMC
TW,2: Gly-AMC,k,killed,11:11,15887,,69,2015,UT2,PEEC2015,AMC
TW,3: Leu-AMC,1,live,11:11,42519,,69,2015,UT2,PEEC2015,AMC
TW,3: Leu-AMC,2,live,11:11,50726,,69,2015,UT2,PEEC2015,AMC
TW,3: Leu-AMC,3,live,11:12,50008,,69,2015,UT2,PEEC2015,AMC
TW,3: Leu-AMC,k,killed,11:12,27350,,69,2015,UT2,PEEC2015,AMC
TW,4: Pyr-AMC,1,live,11:12,45425,,69,2015,UT2,PEEC2015,AMC
TW,4: Pyr-AMC,2,live,11:12,52997,,69,2015,UT2,PEEC2015,AMC
TW,4: Pyr-AMC,3,live,11:13,64513,,69,2015,UT2,PEEC2015,AMC
TW,4: Pyr-AMC,k,killed,11:13,55698,,69,2015,UT2,PEEC2015,AMC
TW,5: GlyGlyArg-AMC,1,live,11:13,143086,,69,2015,UT2,PEEC2015,AMC
TW,5: GlyGlyArg-AMC,2,live,11:14,155733,,69,2015,UT2,PEEC2015,AMC
TW,5: GlyGlyArg-AMC,3,live,11:14,191397,,69,2015,UT2,PEEC2015,AMC
TW,5: GlyGlyArg-AMC,k,killed,11:14,37058,,69,2015,UT2,PEEC2015,AMC
TW,1: Arg-AMC,1,live,11:23,42243,,66,2015,UT2,PEEC2015,AMC
TW,1: Arg-AMC,2,live,11:23,60089,,66,2015,UT2,PEEC2015,AMC
TW,1: Arg-AMC,3,live,11:23,55588,,66,2015,UT2,PEEC2015,AMC
TW,1: Arg-AMC,k,killed,11:23,40742,,66,2015,UT2,PEEC2015,AMC
TW,2: Gly-AMC,1,live,11:24,15801,,66,2015,UT2,PEEC2015,AMC
TW,2: Gly-AMC,2,live,11:24,23844,,66,2015,UT2,PEEC2015,AMC
TW,2: Gly-AMC,3,live,11:24,30383,,66,2015,UT2,PEEC2015,AMC
TW,2: Gly-AMC,k,killed,11:24,15930,,66,2015,UT2,PEEC2015,AMC
TW,3: Leu-AMC,1,live,11:24,45803,,66,2015,UT2,PEEC2015,AMC
TW,3: Leu-AMC,2,live,11:25,55784,,66,2015,UT2,PEEC2015,AMC
TW,3: Leu-AMC,3,live,11:25,55554,,66,2015,UT2,PEEC2015,AMC
TW,3: Leu-AMC,k,killed,11:25,27501,,66,2015,UT2,PEEC2015,AMC
TW,4: Pyr-AMC,1,live,11:25,45931,,66,2015,UT2,PEEC2015,AMC
TW,4: Pyr-AMC,2,live,11:26,53187,,66,2015,UT2,PEEC2015,AMC
TW,4: Pyr-AMC,3,live,11:26,64327,,66,2015,UT2,PEEC2015,AMC
TW,4: Pyr-AMC,k,killed,11:26,56089,,66,2015,UT2,PEEC2015,AMC
TW,5: GlyGlyArg-AMC,1,live,11:26,178913,,66,2015,UT2,PEEC2015,AMC
TW,5: GlyGlyArg-AMC,2,live,11:26,190539,,66,2015,UT2,PEEC2015,AMC
TW,5: GlyGlyArg-AMC,3,live,11:27,234015,,66,2015,UT2,PEEC2015,AMC
TW,5: GlyGlyArg-AMC,k,killed,11:27,38044,,66,2015,UT2,PEEC2015,AMC
VP,1: Arg-AMC,1,live,02:43,3545,,,2015,MXS,PEEC2015,AMC
VP,1: Arg-AMC,2,live,02:44,4552,,,2015,MXS,PEEC2015,AMC
VP,1: Arg-AMC,3,live,02:44,3730,,,2015,MXS,PEEC2015,AMC
VP,1: Arg-AMC,k,killed,02:44,2852,,,2015,MXS,PEEC2015,AMC
VP,2: Gly-AMC,1,live,02:45,3660,,,2015,MXS,PEEC2015,AMC
VP,2: Gly-AMC,2,live,02:45,3648,,,2015,MXS,PEEC2015,AMC
VP,2: Gly-AMC,3,live,02:45,3762,,,2015,MXS,PEEC2015,AMC
VP,2: Gly-AMC,k,killed,02:45,3466,,,2015,MXS,PEEC2015,AMC
VP,3: Leu-AMC,1,live,02:46,5274,,,2015,MXS,PEEC2015,AMC
VP,3: Leu-AMC,2,live,02:46,5221,,,2015,MXS,PEEC2015,AMC
VP,3: Leu-AMC,3,live,02:46,6747,,,2015,MXS,PEEC2015,AMC
VP,3: Leu-AMC,k,killed,02:47,3487,,,2015,MXS,PEEC2015,AMC
VP,4: Pyr-AMC,1,live,02:47,4079,,,2015,MXS,PEEC2015,AMC
VP,4: Pyr-AMC,2,live,02:47,4061,,,2015,MXS,PEEC2015,AMC
VP,4: Pyr-AMC,3,live,02:48,4047,,,2015,MXS,PEEC2015,AMC
VP,4: Pyr-AMC,k,killed,02:48,3796,,,2015,MXS,PEEC2015,AMC
VP,5: GlyGlyArg-AMC,1,live,02:48,2724,,,2015,MXS,PEEC2015,AMC
VP,5: GlyGlyArg-AMC,2,live,02:48,2553,,,2015,MXS,PEEC2015,AMC
VP,5: GlyGlyArg-AMC,3,live,02:49,2710,,,2015,MXS,PEEC2015,AMC
VP,5: GlyGlyArg-AMC,k,killed,02:49,1930,,,2015,MXS,PEEC2015,AMC
VP,1: Arg-AMC,1,live,02:58,5272,,,2015,MXS,PEEC2015,AMC
VP,1: Arg-AMC,2,live,02:58,5100,,,2015,MXS,PEEC2015,AMC
VP,1: Arg-AMC,3,live,02:59,5448,,,2015,MXS,PEEC2015,AMC
VP,1: Arg-AMC,k,killed,02:59,2924,,,2015,MXS,PEEC2015,AMC
VP,2: Gly-AMC,1,live,02:59,4101,,,2015,MXS,PEEC2015,AMC
VP,2: Gly-AMC,2,live,03:00,4047,,,2015,MXS,PEEC2015,AMC
VP,2: Gly-AMC,3,live,03:00,4141,,,2015,MXS,PEEC2015,AMC
VP,2: Gly-AMC,k,killed,03:00,3453,,,2015,MXS,PEEC2015,AMC
VP,3: Leu-AMC,1,live,03:01,8068,,,2015,MXS,PEEC2015,AMC
VP,3: Leu-AMC,2,live,03:01,7899,,,2015,MXS,PEEC2015,AMC
VP,3: Leu-AMC,3,live,03:01,8483,,,2015,MXS,PEEC2015,AMC
VP,3: Leu-AMC,k,killed,03:01,3618,,,2015,MXS,PEEC2015,AMC
VP,4: Pyr-AMC,1,live,03:01,4092,,,2015,MXS,PEEC2015,AMC
VP,4: Pyr-AMC,2,live,03:02,3985,,,2015,MXS,PEEC2015,AMC
VP,4: Pyr-AMC,3,live,03:02,4031,,,2015,MXS,PEEC2015,AMC
VP,4: Pyr-AMC,k,killed,03:02,3786,,,2015,MXS,PEEC2015,AMC
VP,5: GlyGlyArg-AMC,1,live,03:02,4071,,,2015,MXS,PEEC2015,AMC
VP,5: GlyGlyArg-AMC,2,live,03:03,3567,,,2015,MXS,PEEC2015,AMC
VP,5: GlyGlyArg-AMC,3,live,03:03,3665,,,2015,MXS,PEEC2015,AMC
VP,5: GlyGlyArg-AMC,k,killed,03:03,1927,,,2015,MXS,PEEC2015,AMC
VP,1: Arg-AMC,1,live,03:13,6845,,,2015,MXS,PEEC2015,AMC
VP,1: Arg-AMC,2,live,03:13,6880,,,2015,MXS,PEEC2015,AMC
VP,1: Arg-AMC,3,live,03:14,6865,,,2015,MXS,PEEC2015,AMC
VP,1: Arg-AMC,k,killed,03:14,2952,,,2015,MXS,PEEC2015,AMC
VP,2: Gly-AMC,1,live,03:14,4345,,,2015,MXS,PEEC2015,AMC
VP,2: Gly-AMC,2,live,03:14,4419,,,2015,MXS,PEEC2015,AMC
VP,2: Gly-AMC,3,live,03:14,4464,,,2015,MXS,PEEC2015,AMC
VP,2: Gly-AMC,k,killed,03:15,3548,,,2015,MXS,PEEC2015,AMC
VP,3: Leu-AMC,1,live,03:15,10827,,,2015,MXS,PEEC2015,AMC
VP,3: Leu-AMC,2,live,03:15,10611,,,2015,MXS,PEEC2015,AMC
VP,3: Leu-AMC,3,live,03:16,11302,,,2015,MXS,PEEC2015,AMC
VP,3: Leu-AMC,k,killed,03:16,3390,,,2015,MXS,PEEC2015,AMC
VP,4: Pyr-AMC,1,live,03:16,4236,,,2015,MXS,PEEC2015,AMC
VP,4: Pyr-AMC,2,live,03:16,3900,,,2015,MXS,PEEC2015,AMC
VP,4: Pyr-AMC,3,live,03:16,4177,,,2015,MXS,PEEC2015,AMC
VP,4: Pyr-AMC,k,killed,03:17,4849,,,2015,MXS,PEEC2015,AMC
VP,5: GlyGlyArg-AMC,1,live,03:17,5288,,,2015,MXS,PEEC2015,AMC
VP,5: GlyGlyArg-AMC,2,live,03:17,5035,,,2015,MXS,PEEC2015,AMC
VP,5: GlyGlyArg-AMC,3,live,03:17,5154,,,2015,MXS,PEEC2015,AMC
VP,5: GlyGlyArg-AMC,k,killed,03:17,1911,,,2015,MXS,PEEC2015,AMC
VP,1: Arg-AMC,1,live,03:28,8953,,,2015,MXS,PEEC2015,AMC
VP,1: Arg-AMC,2,live,03:28,8620,,,2015,MXS,PEEC2015,AMC
VP,1: Arg-AMC,3,live,03:28,9376,,,2015,MXS,PEEC2015,AMC
VP,1: Arg-AMC,k,killed,03:28,2971,,,2015,MXS,PEEC2015,AMC
VP,2: Gly-AMC,1,live,03:29,5894,,,2015,MXS,PEEC2015,AMC
VP,2: Gly-AMC,2,live,03:29,5230,,,2015,MXS,PEEC2015,AMC
VP,2: Gly-AMC,3,live,03:29,5504,,,2015,MXS,PEEC2015,AMC
VP,2: Gly-AMC,k,killed,03:29,3594,,,2015,MXS,PEEC2015,AMC
VP,3: Leu-AMC,1,live,03:30,15016,,,2015,MXS,PEEC2015,AMC
VP,3: Leu-AMC,2,live,03:30,14200,,,2015,MXS,PEEC2015,AMC
VP,3: Leu-AMC,3,live,03:30,16021,,,2015,MXS,PEEC2015,AMC
VP,3: Leu-AMC,k,killed,03:30,3434,,,2015,MXS,PEEC2015,AMC
VP,4: Pyr-AMC,1,live,03:31,4342,,,2015,MXS,PEEC2015,AMC
VP,4: Pyr-AMC,2,live,03:31,4163,,,2015,MXS,PEEC2015,AMC
VP,4: Pyr-AMC,3,live,03:31,4333,,,2015,MXS,PEEC2015,AMC
VP,4: Pyr-AMC,k,killed,03:31,3894,,,2015,MXS,PEEC2015,AMC
VP,5: GlyGlyArg-AMC,1,live,03:32,7257,,,2015,MXS,PEEC2015,AMC
VP,5: GlyGlyArg-AMC,2,live,03:32,6772,,,2015,MXS,PEEC2015,AMC
VP,5: GlyGlyArg-AMC,3,live,03:32,6776,,,2015,MXS,PEEC2015,AMC
VP,5: GlyGlyArg-AMC,k,killed,03:32,1941,,,2015,MXS,PEEC2015,AMC
VP,1: Arg-AMC,1,live,03:42,10815,,,2015,MXS,PEEC2015,AMC
VP,1: Arg-AMC,2,live,03:43,10715,,,2015,MXS,PEEC2015,AMC
VP,1: Arg-AMC,3,live,03:43,11268,,,2015,MXS,PEEC2015,AMC
VP,1: Arg-AMC,k,killed,03:43,3037,,,2015,MXS,PEEC2015,AMC
VP,2: Gly-AMC,1,live,03:43,6173,,,2015,MXS,PEEC2015,AMC
VP,2: Gly-AMC,2,live,03:43,5598,,,2015,MXS,PEEC2015,AMC
VP,2: Gly-AMC,3,live,03:44,3741,,,2015,MXS,PEEC2015,AMC
VP,2: Gly-AMC,k,killed,03:44,3654,,,2015,MXS,PEEC2015,AMC
VP,3: Leu-AMC,1,live,03:44,18020,,,2015,MXS,PEEC2015,AMC
VP,3: Leu-AMC,2,live,03:45,17101,,,2015,MXS,PEEC2015,AMC
VP,3: Leu-AMC,3,live,03:45,19027,,,2015,MXS,PEEC2015,AMC
VP,3: Leu-AMC,k,killed,03:45,3573,,,2015,MXS,PEEC2015,AMC
VP,4: Pyr-AMC,1,live,03:45,4410,,,2015,MXS,PEEC2015,AMC
VP,4: Pyr-AMC,2,live,03:46,4222,,,2015,MXS,PEEC2015,AMC
VP,4: Pyr-AMC,3,live,03:46,4447,,,2015,MXS,PEEC2015,AMC
VP,4: Pyr-AMC,k,killed,03:46,4015,,,2015,MXS,PEEC2015,AMC
VP,5: GlyGlyArg-AMC,1,live,03:46,8907,,,2015,MXS,PEEC2015,AMC
VP,5: GlyGlyArg-AMC,2,live,03:47,8089,,,2015,MXS,PEEC2015,AMC
VP,5: GlyGlyArg-AMC,3,live,03:47,8199,,,2015,MXS,PEEC2015,AMC
VP,5: GlyGlyArg-AMC,k,killed,03:47,2033,,,2015,MXS,PEEC2015,AMC
VP,1: Arg-AMC,1,live,04:00,13028,,,2015,MXS,PEEC2015,AMC
VP,1: Arg-AMC,2,live,04:00,13038,,,2015,MXS,PEEC2015,AMC
VP,1: Arg-AMC,3,live,04:00,13260,,,2015,MXS,PEEC2015,AMC
VP,1: Arg-AMC,k,killed,04:00,3019,,,2015,MXS,PEEC2015,AMC
VP,2: Gly-AMC,1,live,04:01,6694,,,2015,MXS,PEEC2015,AMC
VP,2: Gly-AMC,2,live,04:01,5839,,,2015,MXS,PEEC2015,AMC
VP,2: Gly-AMC,3,live,04:01,5892,,,2015,MXS,PEEC2015,AMC
VP,2: Gly-AMC,k,killed,04:01,3755,,,2015,MXS,PEEC2015,AMC
VP,3: Leu-AMC,1,live,04:01,21601,,,2015,MXS,PEEC2015,AMC
VP,3: Leu-AMC,2,live,04:02,20888,,,2015,MXS,PEEC2015,AMC
VP,3: Leu-AMC,3,live,04:02,21820,,,2015,MXS,PEEC2015,AMC
VP,3: Leu-AMC,k,killed,04:02,3628,,,2015,MXS,PEEC2015,AMC
VP,4: Pyr-AMC,1,live,04:02,4552,,,2015,MXS,PEEC2015,AMC
VP,4: Pyr-AMC,2,live,04:03,4385,,,2015,MXS,PEEC2015,AMC
VP,4: Pyr-AMC,3,live,04:03,4451,,,2015,MXS,PEEC2015,AMC
VP,4: Pyr-AMC,k,killed,04:03,3979,,,2015,MXS,PEEC2015,AMC
VP,5: GlyGlyArg-AMC,1,live,04:03,11370,,,2015,MXS,PEEC2015,AMC
VP,5: GlyGlyArg-AMC,2,live,04:03,9964,,,2015,MXS,PEEC2015,AMC
VP,5: GlyGlyArg-AMC,3,live,04:04,10065,,,2015,MXS,PEEC2015,AMC
VP,5: GlyGlyArg-AMC,k,killed,04:04,2050,,,2015,MXS,PEEC2015,AMC
VP,1: Arg-AMC,1,live,04:15,15388,,,2015,MXS,PEEC2015,AMC
VP,1: Arg-AMC,2,live,04:15,15368,,,2015,MXS,PEEC2015,AMC
VP,1: Arg-AMC,3,live,04:15,15500,,,2015,MXS,PEEC2015,AMC
VP,1: Arg-AMC,k,killed,04:16,3144,,,2015,MXS,PEEC2015,AMC
VP,2: Gly-AMC,1,live,04:16,6918,,,2015,MXS,PEEC2015,AMC
VP,2: Gly-AMC,2,live,04:16,6283,,,2015,MXS,PEEC2015,AMC
VP,2: Gly-AMC,3,live,04:16,6371,,,2015,MXS,PEEC2015,AMC
VP,2: Gly-AMC,k,killed,04:16,3681,,,2015,MXS,PEEC2015,AMC
VP,3: Leu-AMC,1,live,04:16,24216,,,2015,MXS,PEEC2015,AMC
VP,3: Leu-AMC,2,live,04:17,24841,,,2015,MXS,PEEC2015,AMC
VP,3: Leu-AMC,3,live,04:17,24466,,,2015,MXS,PEEC2015,AMC
VP,3: Leu-AMC,k,killed,04:17,3635,,,2015,MXS,PEEC2015,AMC
VP,4: Pyr-AMC,1,live,04:17,4638,,,2015,MXS,PEEC2015,AMC
VP,4: Pyr-AMC,2,live,04:18,4344,,,2015,MXS,PEEC2015,AMC
VP,4: Pyr-AMC,3,live,04:18,4646,,,2015,MXS,PEEC2015,AMC
VP,4: Pyr-AMC,k,killed,04:18,4072,,,2015,MXS,PEEC2015,AMC
VP,5: GlyGlyArg-AMC,1,live,04:18,13031,,,2015,MXS,PEEC2015,AMC
VP,5: GlyGlyArg-AMC,2,live,04:19,11398,,,2015,MXS,PEEC2015,AMC
VP,5: GlyGlyArg-AMC,3,live,04:19,11950,,,2015,MXS,PEEC2015,AMC
VP,5: GlyGlyArg-AMC,k,killed,04:19,2068,,,2015,MXS,PEEC2015,AMC
